job_id,old_job_id,kind,training_id,label,route,dataset,seed,source_commit,static_status,execution_status,blocking_reasons,cluster,train_slurm_id,completed_train_epochs,production_gpu_precheck,artifact_contract,observed_at_utc,observation_error,model
tr-e2084b928c6c,tr-bacdbb058eca,train,tr-e2084b928c6c,geosparse_dense_control,DENSE,thumos14,0,b70ae056c495b43ca3f305fe438926b97b2723b5,ACCEPTED_NOT_COMPLETION,RUNNING,,A100,245162,0,PASS,"{""checkpoint_indexing"": ""zero_based"", ""diagnostic_completed_epochs"": [5, 20, 40, 60], ""saved_completed_epochs"": [5, 10, 15, 20, 25, 30, 35, 40, 45, 50, 55, 60], ""version"": ""audit-repair-20260908""}",2026-09-08T09:33:47.527536+00:00,,"{""actionness_aux"": false, ""allow_global_zero"": true, ""axis"": ""ST"", ""backbone"": ""videomae_b"", ""budget"": 1.0, ""budget_mode"": ""fixed"", ""coarse_variant"": ""mean_shared"", ""cost_target"": ""traced_macs"", ""detail_probe_fraction"": 0.0, ""estimator"": ""none"", ""evidence_slots"": 4, ""exploration"": ""default"", ""fusion_variant"": ""residual"", ""geometry"": ""native_support"", ""head"": ""actionformer"", ""heavy_context"": ""parent16"", ""probe_every"": 0, ""query_length"": 768, ""quota"": ""global_zero_allowed"", ""receiver"": ""support_attention"", ""receiver_layers"": 2, ""roi_mode"": ""none"", ""rounds"": 1, ""route"": ""DENSE"", ""route_refresh"": ""once"", ""scout_resolution"": 112, ""scout_temporal_stride"": 1, ""scout_width"": 128, ""selector"": ""none"", ""source_resolution"": 160, ""spatial_group"": 2, ""temporal_atom_tubelets"": 1, ""tia_scope"": ""source_native"", ""warmup_epochs"": 6}"
tr-43c3f27668cf,tr-32b5f5690706,train,tr-43c3f27668cf,geosparse_dense_control,DENSE,activitynet13,0,b70ae056c495b43ca3f305fe438926b97b2723b5,BLOCKED,BLOCKED_IMPLEMENTATION,activitynet13 dataset protocol adapter is not implemented,,,0,NOT_RUN,"{""checkpoint_indexing"": ""zero_based"", ""diagnostic_completed_epochs"": [5, 20, 40, 60], ""saved_completed_epochs"": [5, 10, 15, 20, 25, 30, 35, 40, 45, 50, 55, 60], ""version"": ""audit-repair-20260908""}",2026-09-08T09:33:48.114005+00:00,,"{""actionness_aux"": false, ""allow_global_zero"": true, ""axis"": ""ST"", ""backbone"": ""videomae_b"", ""budget"": 1.0, ""budget_mode"": ""fixed"", ""coarse_variant"": ""mean_shared"", ""cost_target"": ""traced_macs"", ""detail_probe_fraction"": 0.0, ""estimator"": ""none"", ""evidence_slots"": 4, ""exploration"": ""default"", ""fusion_variant"": ""residual"", ""geometry"": ""native_support"", ""head"": ""actionformer"", ""heavy_context"": ""parent16"", ""probe_every"": 0, ""query_length"": 768, ""quota"": ""global_zero_allowed"", ""receiver"": ""support_attention"", ""receiver_layers"": 2, ""roi_mode"": ""none"", ""rounds"": 1, ""route"": ""DENSE"", ""route_refresh"": ""once"", ""scout_resolution"": 112, ""scout_temporal_stride"": 1, ""scout_width"": 128, ""selector"": ""none"", ""source_resolution"": 160, ""spatial_group"": 2, ""temporal_atom_tubelets"": 1, ""tia_scope"": ""source_native"", ""warmup_epochs"": 6}"
tr-0cd5cff49615,tr-d790cedc3c3d,train,tr-0cd5cff49615,A_full,A,thumos14,0,b70ae056c495b43ca3f305fe438926b97b2723b5,ACCEPTED_NOT_COMPLETION,DEFERRED_PRIORITY,,,,0,NOT_RUN,"{""checkpoint_indexing"": ""zero_based"", ""diagnostic_completed_epochs"": [5, 20, 40, 60], ""saved_completed_epochs"": [5, 10, 15, 20, 25, 30, 35, 40, 45, 50, 55, 60], ""version"": ""audit-repair-20260908""}",2026-09-08T09:33:48.114005+00:00,,"{""actionness_aux"": false, ""allow_global_zero"": true, ""axis"": ""ST"", ""backbone"": ""videomae_b"", ""budget"": 1.0, ""budget_mode"": ""fixed"", ""coarse_variant"": ""mean_shared"", ""cost_target"": ""traced_macs"", ""detail_probe_fraction"": 0.0, ""estimator"": ""none"", ""evidence_slots"": 4, ""exploration"": ""default"", ""fusion_variant"": ""residual"", ""geometry"": ""native_support"", ""head"": ""actionformer"", ""heavy_context"": ""parent16"", ""probe_every"": 0, ""query_length"": 768, ""quota"": ""global_zero_allowed"", ""receiver"": ""support_attention"", ""receiver_layers"": 2, ""roi_mode"": ""none"", ""rounds"": 1, ""route"": ""A"", ""route_refresh"": ""once"", ""scout_resolution"": 112, ""scout_temporal_stride"": 1, ""scout_width"": 128, ""selector"": ""none"", ""source_resolution"": 160, ""spatial_group"": 2, ""temporal_atom_tubelets"": 1, ""tia_scope"": ""source_native"", ""warmup_epochs"": 6}"
tr-ce47b8683a49,tr-0f38bed9ed41,train,tr-ce47b8683a49,A_full,A,activitynet13,0,b70ae056c495b43ca3f305fe438926b97b2723b5,BLOCKED,BLOCKED_IMPLEMENTATION,activitynet13 dataset protocol adapter is not implemented,,,0,NOT_RUN,"{""checkpoint_indexing"": ""zero_based"", ""diagnostic_completed_epochs"": [5, 20, 40, 60], ""saved_completed_epochs"": [5, 10, 15, 20, 25, 30, 35, 40, 45, 50, 55, 60], ""version"": ""audit-repair-20260908""}",2026-09-08T09:33:48.114005+00:00,,"{""actionness_aux"": false, ""allow_global_zero"": true, ""axis"": ""ST"", ""backbone"": ""videomae_b"", ""budget"": 1.0, ""budget_mode"": ""fixed"", ""coarse_variant"": ""mean_shared"", ""cost_target"": ""traced_macs"", ""detail_probe_fraction"": 0.0, ""estimator"": ""none"", ""evidence_slots"": 4, ""exploration"": ""default"", ""fusion_variant"": ""residual"", ""geometry"": ""native_support"", ""head"": ""actionformer"", ""heavy_context"": ""parent16"", ""probe_every"": 0, ""query_length"": 768, ""quota"": ""global_zero_allowed"", ""receiver"": ""support_attention"", ""receiver_layers"": 2, ""roi_mode"": ""none"", ""rounds"": 1, ""route"": ""A"", ""route_refresh"": ""once"", ""scout_resolution"": 112, ""scout_temporal_stride"": 1, ""scout_width"": 128, ""selector"": ""none"", ""source_resolution"": 160, ""spatial_group"": 2, ""temporal_atom_tubelets"": 1, ""tia_scope"": ""source_native"", ""warmup_epochs"": 6}"
tr-ee184df8b88b,tr-c2d93c4c3979,train,tr-ee184df8b88b,B_full,B,thumos14,0,b70ae056c495b43ca3f305fe438926b97b2723b5,ACCEPTED_NOT_COMPLETION,RUNNING,,A100,245160,1,PASS,"{""checkpoint_indexing"": ""zero_based"", ""diagnostic_completed_epochs"": [5, 20, 40, 60], ""saved_completed_epochs"": [5, 10, 15, 20, 25, 30, 35, 40, 45, 50, 55, 60], ""version"": ""audit-repair-20260908""}",2026-09-08T09:33:47.527536+00:00,,"{""actionness_aux"": false, ""allow_global_zero"": true, ""axis"": ""ST"", ""backbone"": ""videomae_b"", ""budget"": 1.0, ""budget_mode"": ""fixed"", ""coarse_variant"": ""mean_shared"", ""cost_target"": ""traced_macs"", ""detail_probe_fraction"": 0.0, ""estimator"": ""none"", ""evidence_slots"": 4, ""exploration"": ""default"", ""fusion_variant"": ""residual"", ""geometry"": ""native_support"", ""head"": ""actionformer"", ""heavy_context"": ""parent16"", ""probe_every"": 0, ""query_length"": 768, ""quota"": ""global_zero_allowed"", ""receiver"": ""support_attention"", ""receiver_layers"": 2, ""roi_mode"": ""none"", ""rounds"": 1, ""route"": ""B"", ""route_refresh"": ""once"", ""scout_resolution"": 112, ""scout_temporal_stride"": 1, ""scout_width"": 128, ""selector"": ""none"", ""source_resolution"": 160, ""spatial_group"": 2, ""temporal_atom_tubelets"": 1, ""tia_scope"": ""source_native"", ""warmup_epochs"": 6}"
tr-57d13984a538,tr-2c0b3c52e714,train,tr-57d13984a538,B_full,B,activitynet13,0,b70ae056c495b43ca3f305fe438926b97b2723b5,BLOCKED,BLOCKED_IMPLEMENTATION,activitynet13 dataset protocol adapter is not implemented,,,0,NOT_RUN,"{""checkpoint_indexing"": ""zero_based"", ""diagnostic_completed_epochs"": [5, 20, 40, 60], ""saved_completed_epochs"": [5, 10, 15, 20, 25, 30, 35, 40, 45, 50, 55, 60], ""version"": ""audit-repair-20260908""}",2026-09-08T09:33:48.114005+00:00,,"{""actionness_aux"": false, ""allow_global_zero"": true, ""axis"": ""ST"", ""backbone"": ""videomae_b"", ""budget"": 1.0, ""budget_mode"": ""fixed"", ""coarse_variant"": ""mean_shared"", ""cost_target"": ""traced_macs"", ""detail_probe_fraction"": 0.0, ""estimator"": ""none"", ""evidence_slots"": 4, ""exploration"": ""default"", ""fusion_variant"": ""residual"", ""geometry"": ""native_support"", ""head"": ""actionformer"", ""heavy_context"": ""parent16"", ""probe_every"": 0, ""query_length"": 768, ""quota"": ""global_zero_allowed"", ""receiver"": ""support_attention"", ""receiver_layers"": 2, ""roi_mode"": ""none"", ""rounds"": 1, ""route"": ""B"", ""route_refresh"": ""once"", ""scout_resolution"": 112, ""scout_temporal_stride"": 1, ""scout_width"": 128, ""selector"": ""none"", ""source_resolution"": 160, ""spatial_group"": 2, ""temporal_atom_tubelets"": 1, ""tia_scope"": ""source_native"", ""warmup_epochs"": 6}"
tr-2f6c9789f026,tr-fb2b9b2359f8,train,tr-2f6c9789f026,C_all_fine,C,thumos14,0,b70ae056c495b43ca3f305fe438926b97b2723b5,ACCEPTED_NOT_COMPLETION,DEFERRED_PRIORITY,,,,0,NOT_RUN,"{""checkpoint_indexing"": ""zero_based"", ""diagnostic_completed_epochs"": [5, 20, 40, 60], ""saved_completed_epochs"": [5, 10, 15, 20, 25, 30, 35, 40, 45, 50, 55, 60], ""version"": ""audit-repair-20260908""}",2026-09-08T09:33:48.114005+00:00,,"{""actionness_aux"": false, ""allow_global_zero"": true, ""axis"": ""ST"", ""backbone"": ""videomae_b"", ""budget"": 1.0, ""budget_mode"": ""fixed"", ""coarse_variant"": ""mean_shared"", ""cost_target"": ""traced_macs"", ""detail_probe_fraction"": 0.0, ""estimator"": ""none"", ""evidence_slots"": 4, ""exploration"": ""default"", ""fusion_variant"": ""residual"", ""geometry"": ""native_support"", ""head"": ""actionformer"", ""heavy_context"": ""parent16"", ""probe_every"": 0, ""query_length"": 768, ""quota"": ""global_zero_allowed"", ""receiver"": ""support_attention"", ""receiver_layers"": 2, ""roi_mode"": ""none"", ""rounds"": 1, ""route"": ""C"", ""route_refresh"": ""once"", ""scout_resolution"": 112, ""scout_temporal_stride"": 1, ""scout_width"": 128, ""selector"": ""none"", ""source_resolution"": 160, ""spatial_group"": 2, ""temporal_atom_tubelets"": 1, ""tia_scope"": ""source_native"", ""warmup_epochs"": 6}"
tr-9fcc31133cab,tr-672e335d258c,train,tr-9fcc31133cab,C_all_fine,C,activitynet13,0,b70ae056c495b43ca3f305fe438926b97b2723b5,BLOCKED,BLOCKED_IMPLEMENTATION,activitynet13 dataset protocol adapter is not implemented,,,0,NOT_RUN,"{""checkpoint_indexing"": ""zero_based"", ""diagnostic_completed_epochs"": [5, 20, 40, 60], ""saved_completed_epochs"": [5, 10, 15, 20, 25, 30, 35, 40, 45, 50, 55, 60], ""version"": ""audit-repair-20260908""}",2026-09-08T09:33:48.114005+00:00,,"{""actionness_aux"": false, ""allow_global_zero"": true, ""axis"": ""ST"", ""backbone"": ""videomae_b"", ""budget"": 1.0, ""budget_mode"": ""fixed"", ""coarse_variant"": ""mean_shared"", ""cost_target"": ""traced_macs"", ""detail_probe_fraction"": 0.0, ""estimator"": ""none"", ""evidence_slots"": 4, ""exploration"": ""default"", ""fusion_variant"": ""residual"", ""geometry"": ""native_support"", ""head"": ""actionformer"", ""heavy_context"": ""parent16"", ""probe_every"": 0, ""query_length"": 768, ""quota"": ""global_zero_allowed"", ""receiver"": ""support_attention"", ""receiver_layers"": 2, ""roi_mode"": ""none"", ""rounds"": 1, ""route"": ""C"", ""route_refresh"": ""once"", ""scout_resolution"": 112, ""scout_temporal_stride"": 1, ""scout_width"": 128, ""selector"": ""none"", ""source_resolution"": 160, ""spatial_group"": 2, ""temporal_atom_tubelets"": 1, ""tia_scope"": ""source_native"", ""warmup_epochs"": 6}"
tr-11bd86a4f1ac,tr-43c9bfd942ed,train,tr-11bd86a4f1ac,cheap_only,COARSE,thumos14,0,b70ae056c495b43ca3f305fe438926b97b2723b5,ACCEPTED_NOT_COMPLETION,DEFERRED_PRIORITY,,,,0,NOT_RUN,"{""checkpoint_indexing"": ""zero_based"", ""diagnostic_completed_epochs"": [5, 20, 40, 60], ""saved_completed_epochs"": [5, 10, 15, 20, 25, 30, 35, 40, 45, 50, 55, 60], ""version"": ""audit-repair-20260908""}",2026-09-08T09:33:48.114005+00:00,,"{""actionness_aux"": false, ""allow_global_zero"": true, ""axis"": ""ST"", ""backbone"": ""videomae_b"", ""budget"": 0.0, ""budget_mode"": ""fixed"", ""coarse_variant"": ""mean_shared"", ""cost_target"": ""traced_macs"", ""detail_probe_fraction"": 0.0, ""estimator"": ""none"", ""evidence_slots"": 4, ""exploration"": ""default"", ""fusion_variant"": ""residual"", ""geometry"": ""native_support"", ""head"": ""actionformer"", ""heavy_context"": ""parent16"", ""probe_every"": 0, ""query_length"": 768, ""quota"": ""global_zero_allowed"", ""receiver"": ""support_attention"", ""receiver_layers"": 2, ""roi_mode"": ""none"", ""rounds"": 1, ""route"": ""COARSE"", ""route_refresh"": ""once"", ""scout_resolution"": 112, ""scout_temporal_stride"": 1, ""scout_width"": 128, ""selector"": ""none"", ""source_resolution"": 160, ""spatial_group"": 2, ""temporal_atom_tubelets"": 1, ""tia_scope"": ""source_native"", ""warmup_epochs"": 6}"
tr-6caa4dce1f4a,tr-16ea9a7df1cc,train,tr-6caa4dce1f4a,cheap_only,COARSE,activitynet13,0,b70ae056c495b43ca3f305fe438926b97b2723b5,BLOCKED,BLOCKED_IMPLEMENTATION,activitynet13 dataset protocol adapter is not implemented,,,0,NOT_RUN,"{""checkpoint_indexing"": ""zero_based"", ""diagnostic_completed_epochs"": [5, 20, 40, 60], ""saved_completed_epochs"": [5, 10, 15, 20, 25, 30, 35, 40, 45, 50, 55, 60], ""version"": ""audit-repair-20260908""}",2026-09-08T09:33:48.114005+00:00,,"{""actionness_aux"": false, ""allow_global_zero"": true, ""axis"": ""ST"", ""backbone"": ""videomae_b"", ""budget"": 0.0, ""budget_mode"": ""fixed"", ""coarse_variant"": ""mean_shared"", ""cost_target"": ""traced_macs"", ""detail_probe_fraction"": 0.0, ""estimator"": ""none"", ""evidence_slots"": 4, ""exploration"": ""default"", ""fusion_variant"": ""residual"", ""geometry"": ""native_support"", ""head"": ""actionformer"", ""heavy_context"": ""parent16"", ""probe_every"": 0, ""query_length"": 768, ""quota"": ""global_zero_allowed"", ""receiver"": ""support_attention"", ""receiver_layers"": 2, ""roi_mode"": ""none"", ""rounds"": 1, ""route"": ""COARSE"", ""route_refresh"": ""once"", ""scout_resolution"": 112, ""scout_temporal_stride"": 1, ""scout_width"": 128, ""selector"": ""none"", ""source_resolution"": 160, ""spatial_group"": 2, ""temporal_atom_tubelets"": 1, ""tia_scope"": ""source_native"", ""warmup_epochs"": 6}"
tr-b9202e4b7f84,tr-a06d75fa95ab,train,tr-b9202e4b7f84,A_T_fixed_0.25,A,thumos14,0,b70ae056c495b43ca3f305fe438926b97b2723b5,ACCEPTED_NOT_COMPLETION,DEFERRED_PRIORITY,,,,0,NOT_RUN,"{""checkpoint_indexing"": ""zero_based"", ""diagnostic_completed_epochs"": [5, 20, 40, 60], ""saved_completed_epochs"": [5, 10, 15, 20, 25, 30, 35, 40, 45, 50, 55, 60], ""version"": ""audit-repair-20260908""}",2026-09-08T09:33:48.114005+00:00,,"{""actionness_aux"": false, ""allow_global_zero"": true, ""axis"": ""T"", ""backbone"": ""videomae_b"", ""budget"": 0.25, ""budget_mode"": ""fixed"", ""coarse_variant"": ""mean_shared"", ""cost_target"": ""traced_macs"", ""detail_probe_fraction"": 0.0, ""estimator"": ""pg_acquisition"", ""evidence_slots"": 4, ""exploration"": ""default"", ""fusion_variant"": ""residual"", ""geometry"": ""native_support"", ""head"": ""actionformer"", ""heavy_context"": ""parent16"", ""probe_every"": 32, ""query_length"": 768, ""quota"": ""global_zero_allowed"", ""receiver"": ""support_attention"", ""receiver_layers"": 2, ""roi_mode"": ""none"", ""rounds"": 1, ""route"": ""A"", ""route_refresh"": ""once"", ""scout_resolution"": 112, ""scout_temporal_stride"": 1, ""scout_width"": 128, ""selector"": ""hybrid"", ""source_resolution"": 160, ""spatial_group"": 2, ""temporal_atom_tubelets"": 1, ""tia_scope"": ""source_native"", ""warmup_epochs"": 6}"
tr-00fed8cfe710,tr-743a24a870fd,train,tr-00fed8cfe710,A_T_fixed_0.25,A,activitynet13,0,b70ae056c495b43ca3f305fe438926b97b2723b5,BLOCKED,BLOCKED_IMPLEMENTATION,activitynet13 dataset protocol adapter is not implemented,,,0,NOT_RUN,"{""checkpoint_indexing"": ""zero_based"", ""diagnostic_completed_epochs"": [5, 20, 40, 60], ""saved_completed_epochs"": [5, 10, 15, 20, 25, 30, 35, 40, 45, 50, 55, 60], ""version"": ""audit-repair-20260908""}",2026-09-08T09:33:48.114005+00:00,,"{""actionness_aux"": false, ""allow_global_zero"": true, ""axis"": ""T"", ""backbone"": ""videomae_b"", ""budget"": 0.25, ""budget_mode"": ""fixed"", ""coarse_variant"": ""mean_shared"", ""cost_target"": ""traced_macs"", ""detail_probe_fraction"": 0.0, ""estimator"": ""pg_acquisition"", ""evidence_slots"": 4, ""exploration"": ""default"", ""fusion_variant"": ""residual"", ""geometry"": ""native_support"", ""head"": ""actionformer"", ""heavy_context"": ""parent16"", ""probe_every"": 32, ""query_length"": 768, ""quota"": ""global_zero_allowed"", ""receiver"": ""support_attention"", ""receiver_layers"": 2, ""roi_mode"": ""none"", ""rounds"": 1, ""route"": ""A"", ""route_refresh"": ""once"", ""scout_resolution"": 112, ""scout_temporal_stride"": 1, ""scout_width"": 128, ""selector"": ""hybrid"", ""source_resolution"": 160, ""spatial_group"": 2, ""temporal_atom_tubelets"": 1, ""tia_scope"": ""source_native"", ""warmup_epochs"": 6}"
tr-712c43825c9d,tr-088ffe542ea8,train,tr-712c43825c9d,A_T_fixed_0.5,A,thumos14,0,b70ae056c495b43ca3f305fe438926b97b2723b5,ACCEPTED_NOT_COMPLETION,DEFERRED_PRIORITY,,,,0,NOT_RUN,"{""checkpoint_indexing"": ""zero_based"", ""diagnostic_completed_epochs"": [5, 20, 40, 60], ""saved_completed_epochs"": [5, 10, 15, 20, 25, 30, 35, 40, 45, 50, 55, 60], ""version"": ""audit-repair-20260908""}",2026-09-08T09:33:48.114005+00:00,,"{""actionness_aux"": false, ""allow_global_zero"": true, ""axis"": ""T"", ""backbone"": ""videomae_b"", ""budget"": 0.5, ""budget_mode"": ""fixed"", ""coarse_variant"": ""mean_shared"", ""cost_target"": ""traced_macs"", ""detail_probe_fraction"": 0.0, ""estimator"": ""pg_acquisition"", ""evidence_slots"": 4, ""exploration"": ""default"", ""fusion_variant"": ""residual"", ""geometry"": ""native_support"", ""head"": ""actionformer"", ""heavy_context"": ""parent16"", ""probe_every"": 32, ""query_length"": 768, ""quota"": ""global_zero_allowed"", ""receiver"": ""support_attention"", ""receiver_layers"": 2, ""roi_mode"": ""none"", ""rounds"": 1, ""route"": ""A"", ""route_refresh"": ""once"", ""scout_resolution"": 112, ""scout_temporal_stride"": 1, ""scout_width"": 128, ""selector"": ""hybrid"", ""source_resolution"": 160, ""spatial_group"": 2, ""temporal_atom_tubelets"": 1, ""tia_scope"": ""source_native"", ""warmup_epochs"": 6}"
tr-5377a8c6983f,tr-711aaa19bd57,train,tr-5377a8c6983f,A_T_fixed_0.5,A,activitynet13,0,b70ae056c495b43ca3f305fe438926b97b2723b5,BLOCKED,BLOCKED_IMPLEMENTATION,activitynet13 dataset protocol adapter is not implemented,,,0,NOT_RUN,"{""checkpoint_indexing"": ""zero_based"", ""diagnostic_completed_epochs"": [5, 20, 40, 60], ""saved_completed_epochs"": [5, 10, 15, 20, 25, 30, 35, 40, 45, 50, 55, 60], ""version"": ""audit-repair-20260908""}",2026-09-08T09:33:48.114005+00:00,,"{""actionness_aux"": false, ""allow_global_zero"": true, ""axis"": ""T"", ""backbone"": ""videomae_b"", ""budget"": 0.5, ""budget_mode"": ""fixed"", ""coarse_variant"": ""mean_shared"", ""cost_target"": ""traced_macs"", ""detail_probe_fraction"": 0.0, ""estimator"": ""pg_acquisition"", ""evidence_slots"": 4, ""exploration"": ""default"", ""fusion_variant"": ""residual"", ""geometry"": ""native_support"", ""head"": ""actionformer"", ""heavy_context"": ""parent16"", ""probe_every"": 32, ""query_length"": 768, ""quota"": ""global_zero_allowed"", ""receiver"": ""support_attention"", ""receiver_layers"": 2, ""roi_mode"": ""none"", ""rounds"": 1, ""route"": ""A"", ""route_refresh"": ""once"", ""scout_resolution"": 112, ""scout_temporal_stride"": 1, ""scout_width"": 128, ""selector"": ""hybrid"", ""source_resolution"": 160, ""spatial_group"": 2, ""temporal_atom_tubelets"": 1, ""tia_scope"": ""source_native"", ""warmup_epochs"": 6}"
tr-c57af20db2a3,tr-27b999666771,train,tr-c57af20db2a3,A_T_fixed_0.75,A,thumos14,0,b70ae056c495b43ca3f305fe438926b97b2723b5,ACCEPTED_NOT_COMPLETION,DEFERRED_PRIORITY,,,,0,NOT_RUN,"{""checkpoint_indexing"": ""zero_based"", ""diagnostic_completed_epochs"": [5, 20, 40, 60], ""saved_completed_epochs"": [5, 10, 15, 20, 25, 30, 35, 40, 45, 50, 55, 60], ""version"": ""audit-repair-20260908""}",2026-09-08T09:33:48.114005+00:00,,"{""actionness_aux"": false, ""allow_global_zero"": true, ""axis"": ""T"", ""backbone"": ""videomae_b"", ""budget"": 0.75, ""budget_mode"": ""fixed"", ""coarse_variant"": ""mean_shared"", ""cost_target"": ""traced_macs"", ""detail_probe_fraction"": 0.0, ""estimator"": ""pg_acquisition"", ""evidence_slots"": 4, ""exploration"": ""default"", ""fusion_variant"": ""residual"", ""geometry"": ""native_support"", ""head"": ""actionformer"", ""heavy_context"": ""parent16"", ""probe_every"": 32, ""query_length"": 768, ""quota"": ""global_zero_allowed"", ""receiver"": ""support_attention"", ""receiver_layers"": 2, ""roi_mode"": ""none"", ""rounds"": 1, ""route"": ""A"", ""route_refresh"": ""once"", ""scout_resolution"": 112, ""scout_temporal_stride"": 1, ""scout_width"": 128, ""selector"": ""hybrid"", ""source_resolution"": 160, ""spatial_group"": 2, ""temporal_atom_tubelets"": 1, ""tia_scope"": ""source_native"", ""warmup_epochs"": 6}"
tr-f5612179cdb5,tr-a10dc78bf59f,train,tr-f5612179cdb5,A_T_fixed_0.75,A,activitynet13,0,b70ae056c495b43ca3f305fe438926b97b2723b5,BLOCKED,BLOCKED_IMPLEMENTATION,activitynet13 dataset protocol adapter is not implemented,,,0,NOT_RUN,"{""checkpoint_indexing"": ""zero_based"", ""diagnostic_completed_epochs"": [5, 20, 40, 60], ""saved_completed_epochs"": [5, 10, 15, 20, 25, 30, 35, 40, 45, 50, 55, 60], ""version"": ""audit-repair-20260908""}",2026-09-08T09:33:48.114005+00:00,,"{""actionness_aux"": false, ""allow_global_zero"": true, ""axis"": ""T"", ""backbone"": ""videomae_b"", ""budget"": 0.75, ""budget_mode"": ""fixed"", ""coarse_variant"": ""mean_shared"", ""cost_target"": ""traced_macs"", ""detail_probe_fraction"": 0.0, ""estimator"": ""pg_acquisition"", ""evidence_slots"": 4, ""exploration"": ""default"", ""fusion_variant"": ""residual"", ""geometry"": ""native_support"", ""head"": ""actionformer"", ""heavy_context"": ""parent16"", ""probe_every"": 32, ""query_length"": 768, ""quota"": ""global_zero_allowed"", ""receiver"": ""support_attention"", ""receiver_layers"": 2, ""roi_mode"": ""none"", ""rounds"": 1, ""route"": ""A"", ""route_refresh"": ""once"", ""scout_resolution"": 112, ""scout_temporal_stride"": 1, ""scout_width"": 128, ""selector"": ""hybrid"", ""source_resolution"": 160, ""spatial_group"": 2, ""temporal_atom_tubelets"": 1, ""tia_scope"": ""source_native"", ""warmup_epochs"": 6}"
tr-7563a8601dfe,tr-1e5e1b08fd53,train,tr-7563a8601dfe,A_ST_fixed_0.25,A,thumos14,0,b70ae056c495b43ca3f305fe438926b97b2723b5,ACCEPTED_NOT_COMPLETION,DEFERRED_PRIORITY,,,,0,NOT_RUN,"{""checkpoint_indexing"": ""zero_based"", ""diagnostic_completed_epochs"": [5, 20, 40, 60], ""saved_completed_epochs"": [5, 10, 15, 20, 25, 30, 35, 40, 45, 50, 55, 60], ""version"": ""audit-repair-20260908""}",2026-09-08T09:33:48.114005+00:00,,"{""actionness_aux"": false, ""allow_global_zero"": true, ""axis"": ""ST"", ""backbone"": ""videomae_b"", ""budget"": 0.25, ""budget_mode"": ""fixed"", ""coarse_variant"": ""mean_shared"", ""cost_target"": ""traced_macs"", ""detail_probe_fraction"": 0.0, ""estimator"": ""pg_acquisition"", ""evidence_slots"": 4, ""exploration"": ""default"", ""fusion_variant"": ""residual"", ""geometry"": ""native_support"", ""head"": ""actionformer"", ""heavy_context"": ""parent16"", ""probe_every"": 32, ""query_length"": 768, ""quota"": ""global_zero_allowed"", ""receiver"": ""support_attention"", ""receiver_layers"": 2, ""roi_mode"": ""none"", ""rounds"": 1, ""route"": ""A"", ""route_refresh"": ""once"", ""scout_resolution"": 112, ""scout_temporal_stride"": 1, ""scout_width"": 128, ""selector"": ""hybrid"", ""source_resolution"": 160, ""spatial_group"": 2, ""temporal_atom_tubelets"": 1, ""tia_scope"": ""source_native"", ""warmup_epochs"": 6}"
tr-1b05151ea8ce,tr-f5ccbcad58f5,train,tr-1b05151ea8ce,A_ST_fixed_0.25,A,activitynet13,0,b70ae056c495b43ca3f305fe438926b97b2723b5,BLOCKED,BLOCKED_IMPLEMENTATION,activitynet13 dataset protocol adapter is not implemented,,,0,NOT_RUN,"{""checkpoint_indexing"": ""zero_based"", ""diagnostic_completed_epochs"": [5, 20, 40, 60], ""saved_completed_epochs"": [5, 10, 15, 20, 25, 30, 35, 40, 45, 50, 55, 60], ""version"": ""audit-repair-20260908""}",2026-09-08T09:33:48.114005+00:00,,"{""actionness_aux"": false, ""allow_global_zero"": true, ""axis"": ""ST"", ""backbone"": ""videomae_b"", ""budget"": 0.25, ""budget_mode"": ""fixed"", ""coarse_variant"": ""mean_shared"", ""cost_target"": ""traced_macs"", ""detail_probe_fraction"": 0.0, ""estimator"": ""pg_acquisition"", ""evidence_slots"": 4, ""exploration"": ""default"", ""fusion_variant"": ""residual"", ""geometry"": ""native_support"", ""head"": ""actionformer"", ""heavy_context"": ""parent16"", ""probe_every"": 32, ""query_length"": 768, ""quota"": ""global_zero_allowed"", ""receiver"": ""support_attention"", ""receiver_layers"": 2, ""roi_mode"": ""none"", ""rounds"": 1, ""route"": ""A"", ""route_refresh"": ""once"", ""scout_resolution"": 112, ""scout_temporal_stride"": 1, ""scout_width"": 128, ""selector"": ""hybrid"", ""source_resolution"": 160, ""spatial_group"": 2, ""temporal_atom_tubelets"": 1, ""tia_scope"": ""source_native"", ""warmup_epochs"": 6}"
tr-624db235c913,tr-c43d3e9cad58,train,tr-624db235c913,A_ST_fixed_0.5,A,thumos14,0,b70ae056c495b43ca3f305fe438926b97b2723b5,ACCEPTED_NOT_COMPLETION,QUEUED_RESOURCE,,N16R4,1279578,55,PASS,"{""checkpoint_indexing"": ""zero_based"", ""diagnostic_completed_epochs"": [5, 20, 40, 60], ""saved_completed_epochs"": [5, 10, 15, 20, 25, 30, 35, 40, 45, 50, 55, 60], ""version"": ""audit-repair-20260908""}",2026-09-08T09:33:47.539729+00:00,,"{""actionness_aux"": false, ""allow_global_zero"": true, ""axis"": ""ST"", ""backbone"": ""videomae_b"", ""budget"": 0.5, ""budget_mode"": ""fixed"", ""coarse_variant"": ""mean_shared"", ""cost_target"": ""traced_macs"", ""detail_probe_fraction"": 0.0, ""estimator"": ""pg_acquisition"", ""evidence_slots"": 4, ""exploration"": ""default"", ""fusion_variant"": ""residual"", ""geometry"": ""native_support"", ""head"": ""actionformer"", ""heavy_context"": ""parent16"", ""probe_every"": 32, ""query_length"": 768, ""quota"": ""global_zero_allowed"", ""receiver"": ""support_attention"", ""receiver_layers"": 2, ""roi_mode"": ""none"", ""rounds"": 1, ""route"": ""A"", ""route_refresh"": ""once"", ""scout_resolution"": 112, ""scout_temporal_stride"": 1, ""scout_width"": 128, ""selector"": ""hybrid"", ""source_resolution"": 160, ""spatial_group"": 2, ""temporal_atom_tubelets"": 1, ""tia_scope"": ""source_native"", ""warmup_epochs"": 6}"
tr-187a2dd5a496,tr-96dba1dca8fc,train,tr-187a2dd5a496,A_ST_fixed_0.5,A,activitynet13,0,b70ae056c495b43ca3f305fe438926b97b2723b5,BLOCKED,BLOCKED_IMPLEMENTATION,activitynet13 dataset protocol adapter is not implemented,,,0,NOT_RUN,"{""checkpoint_indexing"": ""zero_based"", ""diagnostic_completed_epochs"": [5, 20, 40, 60], ""saved_completed_epochs"": [5, 10, 15, 20, 25, 30, 35, 40, 45, 50, 55, 60], ""version"": ""audit-repair-20260908""}",2026-09-08T09:33:48.114005+00:00,,"{""actionness_aux"": false, ""allow_global_zero"": true, ""axis"": ""ST"", ""backbone"": ""videomae_b"", ""budget"": 0.5, ""budget_mode"": ""fixed"", ""coarse_variant"": ""mean_shared"", ""cost_target"": ""traced_macs"", ""detail_probe_fraction"": 0.0, ""estimator"": ""pg_acquisition"", ""evidence_slots"": 4, ""exploration"": ""default"", ""fusion_variant"": ""residual"", ""geometry"": ""native_support"", ""head"": ""actionformer"", ""heavy_context"": ""parent16"", ""probe_every"": 32, ""query_length"": 768, ""quota"": ""global_zero_allowed"", ""receiver"": ""support_attention"", ""receiver_layers"": 2, ""roi_mode"": ""none"", ""rounds"": 1, ""route"": ""A"", ""route_refresh"": ""once"", ""scout_resolution"": 112, ""scout_temporal_stride"": 1, ""scout_width"": 128, ""selector"": ""hybrid"", ""source_resolution"": 160, ""spatial_group"": 2, ""temporal_atom_tubelets"": 1, ""tia_scope"": ""source_native"", ""warmup_epochs"": 6}"
tr-b6d0c399980f,tr-da137a0d2afc,train,tr-b6d0c399980f,A_ST_fixed_0.75,A,thumos14,0,b70ae056c495b43ca3f305fe438926b97b2723b5,ACCEPTED_NOT_COMPLETION,DEFERRED_PRIORITY,,,,0,NOT_RUN,"{""checkpoint_indexing"": ""zero_based"", ""diagnostic_completed_epochs"": [5, 20, 40, 60], ""saved_completed_epochs"": [5, 10, 15, 20, 25, 30, 35, 40, 45, 50, 55, 60], ""version"": ""audit-repair-20260908""}",2026-09-08T09:33:48.114005+00:00,,"{""actionness_aux"": false, ""allow_global_zero"": true, ""axis"": ""ST"", ""backbone"": ""videomae_b"", ""budget"": 0.75, ""budget_mode"": ""fixed"", ""coarse_variant"": ""mean_shared"", ""cost_target"": ""traced_macs"", ""detail_probe_fraction"": 0.0, ""estimator"": ""pg_acquisition"", ""evidence_slots"": 4, ""exploration"": ""default"", ""fusion_variant"": ""residual"", ""geometry"": ""native_support"", ""head"": ""actionformer"", ""heavy_context"": ""parent16"", ""probe_every"": 32, ""query_length"": 768, ""quota"": ""global_zero_allowed"", ""receiver"": ""support_attention"", ""receiver_layers"": 2, ""roi_mode"": ""none"", ""rounds"": 1, ""route"": ""A"", ""route_refresh"": ""once"", ""scout_resolution"": 112, ""scout_temporal_stride"": 1, ""scout_width"": 128, ""selector"": ""hybrid"", ""source_resolution"": 160, ""spatial_group"": 2, ""temporal_atom_tubelets"": 1, ""tia_scope"": ""source_native"", ""warmup_epochs"": 6}"
tr-c0087f18c2d2,tr-a7c9b266acc1,train,tr-c0087f18c2d2,A_ST_fixed_0.75,A,activitynet13,0,b70ae056c495b43ca3f305fe438926b97b2723b5,BLOCKED,BLOCKED_IMPLEMENTATION,activitynet13 dataset protocol adapter is not implemented,,,0,NOT_RUN,"{""checkpoint_indexing"": ""zero_based"", ""diagnostic_completed_epochs"": [5, 20, 40, 60], ""saved_completed_epochs"": [5, 10, 15, 20, 25, 30, 35, 40, 45, 50, 55, 60], ""version"": ""audit-repair-20260908""}",2026-09-08T09:33:48.114005+00:00,,"{""actionness_aux"": false, ""allow_global_zero"": true, ""axis"": ""ST"", ""backbone"": ""videomae_b"", ""budget"": 0.75, ""budget_mode"": ""fixed"", ""coarse_variant"": ""mean_shared"", ""cost_target"": ""traced_macs"", ""detail_probe_fraction"": 0.0, ""estimator"": ""pg_acquisition"", ""evidence_slots"": 4, ""exploration"": ""default"", ""fusion_variant"": ""residual"", ""geometry"": ""native_support"", ""head"": ""actionformer"", ""heavy_context"": ""parent16"", ""probe_every"": 32, ""query_length"": 768, ""quota"": ""global_zero_allowed"", ""receiver"": ""support_attention"", ""receiver_layers"": 2, ""roi_mode"": ""none"", ""rounds"": 1, ""route"": ""A"", ""route_refresh"": ""once"", ""scout_resolution"": 112, ""scout_temporal_stride"": 1, ""scout_width"": 128, ""selector"": ""hybrid"", ""source_resolution"": 160, ""spatial_group"": 2, ""temporal_atom_tubelets"": 1, ""tia_scope"": ""source_native"", ""warmup_epochs"": 6}"
tr-e672f8918e1b,tr-27cd6aee018e,train,tr-e672f8918e1b,A_ST_dynamic_0.25,A,thumos14,0,b70ae056c495b43ca3f305fe438926b97b2723b5,ACCEPTED_NOT_COMPLETION,DEFERRED_PRIORITY,,,,0,NOT_RUN,"{""checkpoint_indexing"": ""zero_based"", ""diagnostic_completed_epochs"": [5, 20, 40, 60], ""saved_completed_epochs"": [5, 10, 15, 20, 25, 30, 35, 40, 45, 50, 55, 60], ""version"": ""audit-repair-20260908""}",2026-09-08T09:33:48.114005+00:00,,"{""actionness_aux"": false, ""allow_global_zero"": true, ""axis"": ""ST"", ""backbone"": ""videomae_b"", ""budget"": 0.25, ""budget_mode"": ""dynamic"", ""coarse_variant"": ""mean_shared"", ""cost_target"": ""traced_macs"", ""detail_probe_fraction"": 0.0, ""estimator"": ""pg_acquisition"", ""evidence_slots"": 4, ""exploration"": ""default"", ""fusion_variant"": ""residual"", ""geometry"": ""native_support"", ""head"": ""actionformer"", ""heavy_context"": ""parent16"", ""probe_every"": 32, ""query_length"": 768, ""quota"": ""global_zero_allowed"", ""receiver"": ""support_attention"", ""receiver_layers"": 2, ""roi_mode"": ""none"", ""rounds"": 1, ""route"": ""A"", ""route_refresh"": ""once"", ""scout_resolution"": 112, ""scout_temporal_stride"": 1, ""scout_width"": 128, ""selector"": ""hybrid"", ""source_resolution"": 160, ""spatial_group"": 2, ""temporal_atom_tubelets"": 1, ""tia_scope"": ""source_native"", ""warmup_epochs"": 6}"
tr-eb7f0e394afa,tr-f694c3d3c6b3,train,tr-eb7f0e394afa,A_ST_dynamic_0.25,A,activitynet13,0,b70ae056c495b43ca3f305fe438926b97b2723b5,BLOCKED,BLOCKED_IMPLEMENTATION,activitynet13 dataset protocol adapter is not implemented,,,0,NOT_RUN,"{""checkpoint_indexing"": ""zero_based"", ""diagnostic_completed_epochs"": [5, 20, 40, 60], ""saved_completed_epochs"": [5, 10, 15, 20, 25, 30, 35, 40, 45, 50, 55, 60], ""version"": ""audit-repair-20260908""}",2026-09-08T09:33:48.114005+00:00,,"{""actionness_aux"": false, ""allow_global_zero"": true, ""axis"": ""ST"", ""backbone"": ""videomae_b"", ""budget"": 0.25, ""budget_mode"": ""dynamic"", ""coarse_variant"": ""mean_shared"", ""cost_target"": ""traced_macs"", ""detail_probe_fraction"": 0.0, ""estimator"": ""pg_acquisition"", ""evidence_slots"": 4, ""exploration"": ""default"", ""fusion_variant"": ""residual"", ""geometry"": ""native_support"", ""head"": ""actionformer"", ""heavy_context"": ""parent16"", ""probe_every"": 32, ""query_length"": 768, ""quota"": ""global_zero_allowed"", ""receiver"": ""support_attention"", ""receiver_layers"": 2, ""roi_mode"": ""none"", ""rounds"": 1, ""route"": ""A"", ""route_refresh"": ""once"", ""scout_resolution"": 112, ""scout_temporal_stride"": 1, ""scout_width"": 128, ""selector"": ""hybrid"", ""source_resolution"": 160, ""spatial_group"": 2, ""temporal_atom_tubelets"": 1, ""tia_scope"": ""source_native"", ""warmup_epochs"": 6}"
tr-0afe8e4fc09b,tr-32754eef72d1,train,tr-0afe8e4fc09b,A_ST_dynamic_0.5,A,thumos14,0,b70ae056c495b43ca3f305fe438926b97b2723b5,ACCEPTED_NOT_COMPLETION,DONE,,N16R4,1279206,60,PASS,"{""checkpoint_indexing"": ""zero_based"", ""diagnostic_completed_epochs"": [5, 20, 40, 60], ""saved_completed_epochs"": [5, 10, 15, 20, 25, 30, 35, 40, 45, 50, 55, 60], ""version"": ""audit-repair-20260908""}",2026-09-08T09:33:47.539729+00:00,,"{""actionness_aux"": false, ""allow_global_zero"": true, ""axis"": ""ST"", ""backbone"": ""videomae_b"", ""budget"": 0.5, ""budget_mode"": ""dynamic"", ""coarse_variant"": ""mean_shared"", ""cost_target"": ""traced_macs"", ""detail_probe_fraction"": 0.0, ""estimator"": ""pg_acquisition"", ""evidence_slots"": 4, ""exploration"": ""default"", ""fusion_variant"": ""residual"", ""geometry"": ""native_support"", ""head"": ""actionformer"", ""heavy_context"": ""parent16"", ""probe_every"": 32, ""query_length"": 768, ""quota"": ""global_zero_allowed"", ""receiver"": ""support_attention"", ""receiver_layers"": 2, ""roi_mode"": ""none"", ""rounds"": 1, ""route"": ""A"", ""route_refresh"": ""once"", ""scout_resolution"": 112, ""scout_temporal_stride"": 1, ""scout_width"": 128, ""selector"": ""hybrid"", ""source_resolution"": 160, ""spatial_group"": 2, ""temporal_atom_tubelets"": 1, ""tia_scope"": ""source_native"", ""warmup_epochs"": 6}"
tr-69cb16f3c1ca,tr-b381631f360c,train,tr-69cb16f3c1ca,A_ST_dynamic_0.5,A,activitynet13,0,b70ae056c495b43ca3f305fe438926b97b2723b5,BLOCKED,BLOCKED_IMPLEMENTATION,activitynet13 dataset protocol adapter is not implemented,,,0,NOT_RUN,"{""checkpoint_indexing"": ""zero_based"", ""diagnostic_completed_epochs"": [5, 20, 40, 60], ""saved_completed_epochs"": [5, 10, 15, 20, 25, 30, 35, 40, 45, 50, 55, 60], ""version"": ""audit-repair-20260908""}",2026-09-08T09:33:48.114005+00:00,,"{""actionness_aux"": false, ""allow_global_zero"": true, ""axis"": ""ST"", ""backbone"": ""videomae_b"", ""budget"": 0.5, ""budget_mode"": ""dynamic"", ""coarse_variant"": ""mean_shared"", ""cost_target"": ""traced_macs"", ""detail_probe_fraction"": 0.0, ""estimator"": ""pg_acquisition"", ""evidence_slots"": 4, ""exploration"": ""default"", ""fusion_variant"": ""residual"", ""geometry"": ""native_support"", ""head"": ""actionformer"", ""heavy_context"": ""parent16"", ""probe_every"": 32, ""query_length"": 768, ""quota"": ""global_zero_allowed"", ""receiver"": ""support_attention"", ""receiver_layers"": 2, ""roi_mode"": ""none"", ""rounds"": 1, ""route"": ""A"", ""route_refresh"": ""once"", ""scout_resolution"": 112, ""scout_temporal_stride"": 1, ""scout_width"": 128, ""selector"": ""hybrid"", ""source_resolution"": 160, ""spatial_group"": 2, ""temporal_atom_tubelets"": 1, ""tia_scope"": ""source_native"", ""warmup_epochs"": 6}"
tr-3529f3e648f4,tr-b5e7578192e8,train,tr-3529f3e648f4,A_ST_dynamic_0.75,A,thumos14,0,b70ae056c495b43ca3f305fe438926b97b2723b5,ACCEPTED_NOT_COMPLETION,DEFERRED_PRIORITY,,,,0,NOT_RUN,"{""checkpoint_indexing"": ""zero_based"", ""diagnostic_completed_epochs"": [5, 20, 40, 60], ""saved_completed_epochs"": [5, 10, 15, 20, 25, 30, 35, 40, 45, 50, 55, 60], ""version"": ""audit-repair-20260908""}",2026-09-08T09:33:48.114005+00:00,,"{""actionness_aux"": false, ""allow_global_zero"": true, ""axis"": ""ST"", ""backbone"": ""videomae_b"", ""budget"": 0.75, ""budget_mode"": ""dynamic"", ""coarse_variant"": ""mean_shared"", ""cost_target"": ""traced_macs"", ""detail_probe_fraction"": 0.0, ""estimator"": ""pg_acquisition"", ""evidence_slots"": 4, ""exploration"": ""default"", ""fusion_variant"": ""residual"", ""geometry"": ""native_support"", ""head"": ""actionformer"", ""heavy_context"": ""parent16"", ""probe_every"": 32, ""query_length"": 768, ""quota"": ""global_zero_allowed"", ""receiver"": ""support_attention"", ""receiver_layers"": 2, ""roi_mode"": ""none"", ""rounds"": 1, ""route"": ""A"", ""route_refresh"": ""once"", ""scout_resolution"": 112, ""scout_temporal_stride"": 1, ""scout_width"": 128, ""selector"": ""hybrid"", ""source_resolution"": 160, ""spatial_group"": 2, ""temporal_atom_tubelets"": 1, ""tia_scope"": ""source_native"", ""warmup_epochs"": 6}"
tr-c43767e4c315,tr-9a4e838cf739,train,tr-c43767e4c315,A_ST_dynamic_0.75,A,activitynet13,0,b70ae056c495b43ca3f305fe438926b97b2723b5,BLOCKED,BLOCKED_IMPLEMENTATION,activitynet13 dataset protocol adapter is not implemented,,,0,NOT_RUN,"{""checkpoint_indexing"": ""zero_based"", ""diagnostic_completed_epochs"": [5, 20, 40, 60], ""saved_completed_epochs"": [5, 10, 15, 20, 25, 30, 35, 40, 45, 50, 55, 60], ""version"": ""audit-repair-20260908""}",2026-09-08T09:33:48.114005+00:00,,"{""actionness_aux"": false, ""allow_global_zero"": true, ""axis"": ""ST"", ""backbone"": ""videomae_b"", ""budget"": 0.75, ""budget_mode"": ""dynamic"", ""coarse_variant"": ""mean_shared"", ""cost_target"": ""traced_macs"", ""detail_probe_fraction"": 0.0, ""estimator"": ""pg_acquisition"", ""evidence_slots"": 4, ""exploration"": ""default"", ""fusion_variant"": ""residual"", ""geometry"": ""native_support"", ""head"": ""actionformer"", ""heavy_context"": ""parent16"", ""probe_every"": 32, ""query_length"": 768, ""quota"": ""global_zero_allowed"", ""receiver"": ""support_attention"", ""receiver_layers"": 2, ""roi_mode"": ""none"", ""rounds"": 1, ""route"": ""A"", ""route_refresh"": ""once"", ""scout_resolution"": 112, ""scout_temporal_stride"": 1, ""scout_width"": 128, ""selector"": ""hybrid"", ""source_resolution"": 160, ""spatial_group"": 2, ""temporal_atom_tubelets"": 1, ""tia_scope"": ""source_native"", ""warmup_epochs"": 6}"
tr-3a8f0844a3fd,tr-dfa40292845c,train,tr-3a8f0844a3fd,B_T_fixed_0.25,B,thumos14,0,b70ae056c495b43ca3f305fe438926b97b2723b5,ACCEPTED_NOT_COMPLETION,DEFERRED_PRIORITY,,,,0,NOT_RUN,"{""checkpoint_indexing"": ""zero_based"", ""diagnostic_completed_epochs"": [5, 20, 40, 60], ""saved_completed_epochs"": [5, 10, 15, 20, 25, 30, 35, 40, 45, 50, 55, 60], ""version"": ""audit-repair-20260908""}",2026-09-08T09:33:48.114005+00:00,,"{""actionness_aux"": false, ""allow_global_zero"": true, ""axis"": ""T"", ""backbone"": ""videomae_b"", ""budget"": 0.25, ""budget_mode"": ""fixed"", ""coarse_variant"": ""mean_shared"", ""cost_target"": ""traced_macs"", ""detail_probe_fraction"": 0.0, ""estimator"": ""pg_acquisition"", ""evidence_slots"": 4, ""exploration"": ""default"", ""fusion_variant"": ""residual"", ""geometry"": ""native_support"", ""head"": ""actionformer"", ""heavy_context"": ""parent16"", ""probe_every"": 32, ""query_length"": 768, ""quota"": ""global_zero_allowed"", ""receiver"": ""support_attention"", ""receiver_layers"": 2, ""roi_mode"": ""none"", ""rounds"": 1, ""route"": ""B"", ""route_refresh"": ""once"", ""scout_resolution"": 112, ""scout_temporal_stride"": 1, ""scout_width"": 128, ""selector"": ""hybrid"", ""source_resolution"": 160, ""spatial_group"": 2, ""temporal_atom_tubelets"": 1, ""tia_scope"": ""source_native"", ""warmup_epochs"": 6}"
tr-e5a3187a6ac9,tr-c5fc8345399d,train,tr-e5a3187a6ac9,B_T_fixed_0.25,B,activitynet13,0,b70ae056c495b43ca3f305fe438926b97b2723b5,BLOCKED,BLOCKED_IMPLEMENTATION,activitynet13 dataset protocol adapter is not implemented,,,0,NOT_RUN,"{""checkpoint_indexing"": ""zero_based"", ""diagnostic_completed_epochs"": [5, 20, 40, 60], ""saved_completed_epochs"": [5, 10, 15, 20, 25, 30, 35, 40, 45, 50, 55, 60], ""version"": ""audit-repair-20260908""}",2026-09-08T09:33:48.114005+00:00,,"{""actionness_aux"": false, ""allow_global_zero"": true, ""axis"": ""T"", ""backbone"": ""videomae_b"", ""budget"": 0.25, ""budget_mode"": ""fixed"", ""coarse_variant"": ""mean_shared"", ""cost_target"": ""traced_macs"", ""detail_probe_fraction"": 0.0, ""estimator"": ""pg_acquisition"", ""evidence_slots"": 4, ""exploration"": ""default"", ""fusion_variant"": ""residual"", ""geometry"": ""native_support"", ""head"": ""actionformer"", ""heavy_context"": ""parent16"", ""probe_every"": 32, ""query_length"": 768, ""quota"": ""global_zero_allowed"", ""receiver"": ""support_attention"", ""receiver_layers"": 2, ""roi_mode"": ""none"", ""rounds"": 1, ""route"": ""B"", ""route_refresh"": ""once"", ""scout_resolution"": 112, ""scout_temporal_stride"": 1, ""scout_width"": 128, ""selector"": ""hybrid"", ""source_resolution"": 160, ""spatial_group"": 2, ""temporal_atom_tubelets"": 1, ""tia_scope"": ""source_native"", ""warmup_epochs"": 6}"
tr-827861178904,tr-9ff2e1a742bd,train,tr-827861178904,B_T_fixed_0.5,B,thumos14,0,b70ae056c495b43ca3f305fe438926b97b2723b5,ACCEPTED_NOT_COMPLETION,DEFERRED_PRIORITY,,,,0,NOT_RUN,"{""checkpoint_indexing"": ""zero_based"", ""diagnostic_completed_epochs"": [5, 20, 40, 60], ""saved_completed_epochs"": [5, 10, 15, 20, 25, 30, 35, 40, 45, 50, 55, 60], ""version"": ""audit-repair-20260908""}",2026-09-08T09:33:48.114005+00:00,,"{""actionness_aux"": false, ""allow_global_zero"": true, ""axis"": ""T"", ""backbone"": ""videomae_b"", ""budget"": 0.5, ""budget_mode"": ""fixed"", ""coarse_variant"": ""mean_shared"", ""cost_target"": ""traced_macs"", ""detail_probe_fraction"": 0.0, ""estimator"": ""pg_acquisition"", ""evidence_slots"": 4, ""exploration"": ""default"", ""fusion_variant"": ""residual"", ""geometry"": ""native_support"", ""head"": ""actionformer"", ""heavy_context"": ""parent16"", ""probe_every"": 32, ""query_length"": 768, ""quota"": ""global_zero_allowed"", ""receiver"": ""support_attention"", ""receiver_layers"": 2, ""roi_mode"": ""none"", ""rounds"": 1, ""route"": ""B"", ""route_refresh"": ""once"", ""scout_resolution"": 112, ""scout_temporal_stride"": 1, ""scout_width"": 128, ""selector"": ""hybrid"", ""source_resolution"": 160, ""spatial_group"": 2, ""temporal_atom_tubelets"": 1, ""tia_scope"": ""source_native"", ""warmup_epochs"": 6}"
tr-fa7df21f6e1a,tr-b8a8f1640fb7,train,tr-fa7df21f6e1a,B_T_fixed_0.5,B,activitynet13,0,b70ae056c495b43ca3f305fe438926b97b2723b5,BLOCKED,BLOCKED_IMPLEMENTATION,activitynet13 dataset protocol adapter is not implemented,,,0,NOT_RUN,"{""checkpoint_indexing"": ""zero_based"", ""diagnostic_completed_epochs"": [5, 20, 40, 60], ""saved_completed_epochs"": [5, 10, 15, 20, 25, 30, 35, 40, 45, 50, 55, 60], ""version"": ""audit-repair-20260908""}",2026-09-08T09:33:48.114005+00:00,,"{""actionness_aux"": false, ""allow_global_zero"": true, ""axis"": ""T"", ""backbone"": ""videomae_b"", ""budget"": 0.5, ""budget_mode"": ""fixed"", ""coarse_variant"": ""mean_shared"", ""cost_target"": ""traced_macs"", ""detail_probe_fraction"": 0.0, ""estimator"": ""pg_acquisition"", ""evidence_slots"": 4, ""exploration"": ""default"", ""fusion_variant"": ""residual"", ""geometry"": ""native_support"", ""head"": ""actionformer"", ""heavy_context"": ""parent16"", ""probe_every"": 32, ""query_length"": 768, ""quota"": ""global_zero_allowed"", ""receiver"": ""support_attention"", ""receiver_layers"": 2, ""roi_mode"": ""none"", ""rounds"": 1, ""route"": ""B"", ""route_refresh"": ""once"", ""scout_resolution"": 112, ""scout_temporal_stride"": 1, ""scout_width"": 128, ""selector"": ""hybrid"", ""source_resolution"": 160, ""spatial_group"": 2, ""temporal_atom_tubelets"": 1, ""tia_scope"": ""source_native"", ""warmup_epochs"": 6}"
tr-35675d35bbe9,tr-150a69402b7a,train,tr-35675d35bbe9,B_T_fixed_0.75,B,thumos14,0,b70ae056c495b43ca3f305fe438926b97b2723b5,ACCEPTED_NOT_COMPLETION,DEFERRED_PRIORITY,,,,0,NOT_RUN,"{""checkpoint_indexing"": ""zero_based"", ""diagnostic_completed_epochs"": [5, 20, 40, 60], ""saved_completed_epochs"": [5, 10, 15, 20, 25, 30, 35, 40, 45, 50, 55, 60], ""version"": ""audit-repair-20260908""}",2026-09-08T09:33:48.114005+00:00,,"{""actionness_aux"": false, ""allow_global_zero"": true, ""axis"": ""T"", ""backbone"": ""videomae_b"", ""budget"": 0.75, ""budget_mode"": ""fixed"", ""coarse_variant"": ""mean_shared"", ""cost_target"": ""traced_macs"", ""detail_probe_fraction"": 0.0, ""estimator"": ""pg_acquisition"", ""evidence_slots"": 4, ""exploration"": ""default"", ""fusion_variant"": ""residual"", ""geometry"": ""native_support"", ""head"": ""actionformer"", ""heavy_context"": ""parent16"", ""probe_every"": 32, ""query_length"": 768, ""quota"": ""global_zero_allowed"", ""receiver"": ""support_attention"", ""receiver_layers"": 2, ""roi_mode"": ""none"", ""rounds"": 1, ""route"": ""B"", ""route_refresh"": ""once"", ""scout_resolution"": 112, ""scout_temporal_stride"": 1, ""scout_width"": 128, ""selector"": ""hybrid"", ""source_resolution"": 160, ""spatial_group"": 2, ""temporal_atom_tubelets"": 1, ""tia_scope"": ""source_native"", ""warmup_epochs"": 6}"
tr-fea747a8001c,tr-59cc9d3eac14,train,tr-fea747a8001c,B_T_fixed_0.75,B,activitynet13,0,b70ae056c495b43ca3f305fe438926b97b2723b5,BLOCKED,BLOCKED_IMPLEMENTATION,activitynet13 dataset protocol adapter is not implemented,,,0,NOT_RUN,"{""checkpoint_indexing"": ""zero_based"", ""diagnostic_completed_epochs"": [5, 20, 40, 60], ""saved_completed_epochs"": [5, 10, 15, 20, 25, 30, 35, 40, 45, 50, 55, 60], ""version"": ""audit-repair-20260908""}",2026-09-08T09:33:48.114005+00:00,,"{""actionness_aux"": false, ""allow_global_zero"": true, ""axis"": ""T"", ""backbone"": ""videomae_b"", ""budget"": 0.75, ""budget_mode"": ""fixed"", ""coarse_variant"": ""mean_shared"", ""cost_target"": ""traced_macs"", ""detail_probe_fraction"": 0.0, ""estimator"": ""pg_acquisition"", ""evidence_slots"": 4, ""exploration"": ""default"", ""fusion_variant"": ""residual"", ""geometry"": ""native_support"", ""head"": ""actionformer"", ""heavy_context"": ""parent16"", ""probe_every"": 32, ""query_length"": 768, ""quota"": ""global_zero_allowed"", ""receiver"": ""support_attention"", ""receiver_layers"": 2, ""roi_mode"": ""none"", ""rounds"": 1, ""route"": ""B"", ""route_refresh"": ""once"", ""scout_resolution"": 112, ""scout_temporal_stride"": 1, ""scout_width"": 128, ""selector"": ""hybrid"", ""source_resolution"": 160, ""spatial_group"": 2, ""temporal_atom_tubelets"": 1, ""tia_scope"": ""source_native"", ""warmup_epochs"": 6}"
tr-f92d8318e7be,tr-e00ad1e1116e,train,tr-f92d8318e7be,B_ST_fixed_0.25,B,thumos14,0,b70ae056c495b43ca3f305fe438926b97b2723b5,ACCEPTED_NOT_COMPLETION,DEFERRED_PRIORITY,,,,0,NOT_RUN,"{""checkpoint_indexing"": ""zero_based"", ""diagnostic_completed_epochs"": [5, 20, 40, 60], ""saved_completed_epochs"": [5, 10, 15, 20, 25, 30, 35, 40, 45, 50, 55, 60], ""version"": ""audit-repair-20260908""}",2026-09-08T09:33:48.114005+00:00,,"{""actionness_aux"": false, ""allow_global_zero"": true, ""axis"": ""ST"", ""backbone"": ""videomae_b"", ""budget"": 0.25, ""budget_mode"": ""fixed"", ""coarse_variant"": ""mean_shared"", ""cost_target"": ""traced_macs"", ""detail_probe_fraction"": 0.0, ""estimator"": ""pg_acquisition"", ""evidence_slots"": 4, ""exploration"": ""default"", ""fusion_variant"": ""residual"", ""geometry"": ""native_support"", ""head"": ""actionformer"", ""heavy_context"": ""parent16"", ""probe_every"": 32, ""query_length"": 768, ""quota"": ""global_zero_allowed"", ""receiver"": ""support_attention"", ""receiver_layers"": 2, ""roi_mode"": ""none"", ""rounds"": 1, ""route"": ""B"", ""route_refresh"": ""once"", ""scout_resolution"": 112, ""scout_temporal_stride"": 1, ""scout_width"": 128, ""selector"": ""hybrid"", ""source_resolution"": 160, ""spatial_group"": 2, ""temporal_atom_tubelets"": 1, ""tia_scope"": ""source_native"", ""warmup_epochs"": 6}"
tr-dc92b65071a6,tr-80774a9b7424,train,tr-dc92b65071a6,B_ST_fixed_0.25,B,activitynet13,0,b70ae056c495b43ca3f305fe438926b97b2723b5,BLOCKED,BLOCKED_IMPLEMENTATION,activitynet13 dataset protocol adapter is not implemented,,,0,NOT_RUN,"{""checkpoint_indexing"": ""zero_based"", ""diagnostic_completed_epochs"": [5, 20, 40, 60], ""saved_completed_epochs"": [5, 10, 15, 20, 25, 30, 35, 40, 45, 50, 55, 60], ""version"": ""audit-repair-20260908""}",2026-09-08T09:33:48.114005+00:00,,"{""actionness_aux"": false, ""allow_global_zero"": true, ""axis"": ""ST"", ""backbone"": ""videomae_b"", ""budget"": 0.25, ""budget_mode"": ""fixed"", ""coarse_variant"": ""mean_shared"", ""cost_target"": ""traced_macs"", ""detail_probe_fraction"": 0.0, ""estimator"": ""pg_acquisition"", ""evidence_slots"": 4, ""exploration"": ""default"", ""fusion_variant"": ""residual"", ""geometry"": ""native_support"", ""head"": ""actionformer"", ""heavy_context"": ""parent16"", ""probe_every"": 32, ""query_length"": 768, ""quota"": ""global_zero_allowed"", ""receiver"": ""support_attention"", ""receiver_layers"": 2, ""roi_mode"": ""none"", ""rounds"": 1, ""route"": ""B"", ""route_refresh"": ""once"", ""scout_resolution"": 112, ""scout_temporal_stride"": 1, ""scout_width"": 128, ""selector"": ""hybrid"", ""source_resolution"": 160, ""spatial_group"": 2, ""temporal_atom_tubelets"": 1, ""tia_scope"": ""source_native"", ""warmup_epochs"": 6}"
tr-712c0b6470f4,tr-be89cd6cb2ca,train,tr-712c0b6470f4,B_ST_fixed_0.5,B,thumos14,0,b70ae056c495b43ca3f305fe438926b97b2723b5,ACCEPTED_NOT_COMPLETION,RUNNING,,A100,245446,20,PASS,"{""checkpoint_indexing"": ""zero_based"", ""diagnostic_completed_epochs"": [5, 20, 40, 60], ""saved_completed_epochs"": [5, 10, 15, 20, 25, 30, 35, 40, 45, 50, 55, 60], ""version"": ""audit-repair-20260908""}",2026-09-08T09:33:48.113485+00:00,,"{""actionness_aux"": false, ""allow_global_zero"": true, ""axis"": ""ST"", ""backbone"": ""videomae_b"", ""budget"": 0.5, ""budget_mode"": ""fixed"", ""coarse_variant"": ""mean_shared"", ""cost_target"": ""traced_macs"", ""detail_probe_fraction"": 0.0, ""estimator"": ""pg_acquisition"", ""evidence_slots"": 4, ""exploration"": ""default"", ""fusion_variant"": ""residual"", ""geometry"": ""native_support"", ""head"": ""actionformer"", ""heavy_context"": ""parent16"", ""probe_every"": 32, ""query_length"": 768, ""quota"": ""global_zero_allowed"", ""receiver"": ""support_attention"", ""receiver_layers"": 2, ""roi_mode"": ""none"", ""rounds"": 1, ""route"": ""B"", ""route_refresh"": ""once"", ""scout_resolution"": 112, ""scout_temporal_stride"": 1, ""scout_width"": 128, ""selector"": ""hybrid"", ""source_resolution"": 160, ""spatial_group"": 2, ""temporal_atom_tubelets"": 1, ""tia_scope"": ""source_native"", ""warmup_epochs"": 6}"
tr-3c883b7b3c37,tr-cbf905e9afe1,train,tr-3c883b7b3c37,B_ST_fixed_0.5,B,activitynet13,0,b70ae056c495b43ca3f305fe438926b97b2723b5,BLOCKED,BLOCKED_IMPLEMENTATION,activitynet13 dataset protocol adapter is not implemented,,,0,NOT_RUN,"{""checkpoint_indexing"": ""zero_based"", ""diagnostic_completed_epochs"": [5, 20, 40, 60], ""saved_completed_epochs"": [5, 10, 15, 20, 25, 30, 35, 40, 45, 50, 55, 60], ""version"": ""audit-repair-20260908""}",2026-09-08T09:33:48.114005+00:00,,"{""actionness_aux"": false, ""allow_global_zero"": true, ""axis"": ""ST"", ""backbone"": ""videomae_b"", ""budget"": 0.5, ""budget_mode"": ""fixed"", ""coarse_variant"": ""mean_shared"", ""cost_target"": ""traced_macs"", ""detail_probe_fraction"": 0.0, ""estimator"": ""pg_acquisition"", ""evidence_slots"": 4, ""exploration"": ""default"", ""fusion_variant"": ""residual"", ""geometry"": ""native_support"", ""head"": ""actionformer"", ""heavy_context"": ""parent16"", ""probe_every"": 32, ""query_length"": 768, ""quota"": ""global_zero_allowed"", ""receiver"": ""support_attention"", ""receiver_layers"": 2, ""roi_mode"": ""none"", ""rounds"": 1, ""route"": ""B"", ""route_refresh"": ""once"", ""scout_resolution"": 112, ""scout_temporal_stride"": 1, ""scout_width"": 128, ""selector"": ""hybrid"", ""source_resolution"": 160, ""spatial_group"": 2, ""temporal_atom_tubelets"": 1, ""tia_scope"": ""source_native"", ""warmup_epochs"": 6}"
tr-fd88d4b0753c,tr-e07941bc0730,train,tr-fd88d4b0753c,B_ST_fixed_0.75,B,thumos14,0,b70ae056c495b43ca3f305fe438926b97b2723b5,ACCEPTED_NOT_COMPLETION,DEFERRED_PRIORITY,,,,0,NOT_RUN,"{""checkpoint_indexing"": ""zero_based"", ""diagnostic_completed_epochs"": [5, 20, 40, 60], ""saved_completed_epochs"": [5, 10, 15, 20, 25, 30, 35, 40, 45, 50, 55, 60], ""version"": ""audit-repair-20260908""}",2026-09-08T09:33:48.114005+00:00,,"{""actionness_aux"": false, ""allow_global_zero"": true, ""axis"": ""ST"", ""backbone"": ""videomae_b"", ""budget"": 0.75, ""budget_mode"": ""fixed"", ""coarse_variant"": ""mean_shared"", ""cost_target"": ""traced_macs"", ""detail_probe_fraction"": 0.0, ""estimator"": ""pg_acquisition"", ""evidence_slots"": 4, ""exploration"": ""default"", ""fusion_variant"": ""residual"", ""geometry"": ""native_support"", ""head"": ""actionformer"", ""heavy_context"": ""parent16"", ""probe_every"": 32, ""query_length"": 768, ""quota"": ""global_zero_allowed"", ""receiver"": ""support_attention"", ""receiver_layers"": 2, ""roi_mode"": ""none"", ""rounds"": 1, ""route"": ""B"", ""route_refresh"": ""once"", ""scout_resolution"": 112, ""scout_temporal_stride"": 1, ""scout_width"": 128, ""selector"": ""hybrid"", ""source_resolution"": 160, ""spatial_group"": 2, ""temporal_atom_tubelets"": 1, ""tia_scope"": ""source_native"", ""warmup_epochs"": 6}"
tr-d825035092b5,tr-f040a270726f,train,tr-d825035092b5,B_ST_fixed_0.75,B,activitynet13,0,b70ae056c495b43ca3f305fe438926b97b2723b5,BLOCKED,BLOCKED_IMPLEMENTATION,activitynet13 dataset protocol adapter is not implemented,,,0,NOT_RUN,"{""checkpoint_indexing"": ""zero_based"", ""diagnostic_completed_epochs"": [5, 20, 40, 60], ""saved_completed_epochs"": [5, 10, 15, 20, 25, 30, 35, 40, 45, 50, 55, 60], ""version"": ""audit-repair-20260908""}",2026-09-08T09:33:48.114005+00:00,,"{""actionness_aux"": false, ""allow_global_zero"": true, ""axis"": ""ST"", ""backbone"": ""videomae_b"", ""budget"": 0.75, ""budget_mode"": ""fixed"", ""coarse_variant"": ""mean_shared"", ""cost_target"": ""traced_macs"", ""detail_probe_fraction"": 0.0, ""estimator"": ""pg_acquisition"", ""evidence_slots"": 4, ""exploration"": ""default"", ""fusion_variant"": ""residual"", ""geometry"": ""native_support"", ""head"": ""actionformer"", ""heavy_context"": ""parent16"", ""probe_every"": 32, ""query_length"": 768, ""quota"": ""global_zero_allowed"", ""receiver"": ""support_attention"", ""receiver_layers"": 2, ""roi_mode"": ""none"", ""rounds"": 1, ""route"": ""B"", ""route_refresh"": ""once"", ""scout_resolution"": 112, ""scout_temporal_stride"": 1, ""scout_width"": 128, ""selector"": ""hybrid"", ""source_resolution"": 160, ""spatial_group"": 2, ""temporal_atom_tubelets"": 1, ""tia_scope"": ""source_native"", ""warmup_epochs"": 6}"
tr-e8c377efccc6,tr-cb1067c04f77,train,tr-e8c377efccc6,B_ST_dynamic_0.25,B,thumos14,0,b70ae056c495b43ca3f305fe438926b97b2723b5,ACCEPTED_NOT_COMPLETION,DEFERRED_PRIORITY,,,,0,NOT_RUN,"{""checkpoint_indexing"": ""zero_based"", ""diagnostic_completed_epochs"": [5, 20, 40, 60], ""saved_completed_epochs"": [5, 10, 15, 20, 25, 30, 35, 40, 45, 50, 55, 60], ""version"": ""audit-repair-20260908""}",2026-09-08T09:33:48.114005+00:00,,"{""actionness_aux"": false, ""allow_global_zero"": true, ""axis"": ""ST"", ""backbone"": ""videomae_b"", ""budget"": 0.25, ""budget_mode"": ""dynamic"", ""coarse_variant"": ""mean_shared"", ""cost_target"": ""traced_macs"", ""detail_probe_fraction"": 0.0, ""estimator"": ""pg_acquisition"", ""evidence_slots"": 4, ""exploration"": ""default"", ""fusion_variant"": ""residual"", ""geometry"": ""native_support"", ""head"": ""actionformer"", ""heavy_context"": ""parent16"", ""probe_every"": 32, ""query_length"": 768, ""quota"": ""global_zero_allowed"", ""receiver"": ""support_attention"", ""receiver_layers"": 2, ""roi_mode"": ""none"", ""rounds"": 1, ""route"": ""B"", ""route_refresh"": ""once"", ""scout_resolution"": 112, ""scout_temporal_stride"": 1, ""scout_width"": 128, ""selector"": ""hybrid"", ""source_resolution"": 160, ""spatial_group"": 2, ""temporal_atom_tubelets"": 1, ""tia_scope"": ""source_native"", ""warmup_epochs"": 6}"
tr-47f719b88e77,tr-39f8f04aed8a,train,tr-47f719b88e77,B_ST_dynamic_0.25,B,activitynet13,0,b70ae056c495b43ca3f305fe438926b97b2723b5,BLOCKED,BLOCKED_IMPLEMENTATION,activitynet13 dataset protocol adapter is not implemented,,,0,NOT_RUN,"{""checkpoint_indexing"": ""zero_based"", ""diagnostic_completed_epochs"": [5, 20, 40, 60], ""saved_completed_epochs"": [5, 10, 15, 20, 25, 30, 35, 40, 45, 50, 55, 60], ""version"": ""audit-repair-20260908""}",2026-09-08T09:33:48.114005+00:00,,"{""actionness_aux"": false, ""allow_global_zero"": true, ""axis"": ""ST"", ""backbone"": ""videomae_b"", ""budget"": 0.25, ""budget_mode"": ""dynamic"", ""coarse_variant"": ""mean_shared"", ""cost_target"": ""traced_macs"", ""detail_probe_fraction"": 0.0, ""estimator"": ""pg_acquisition"", ""evidence_slots"": 4, ""exploration"": ""default"", ""fusion_variant"": ""residual"", ""geometry"": ""native_support"", ""head"": ""actionformer"", ""heavy_context"": ""parent16"", ""probe_every"": 32, ""query_length"": 768, ""quota"": ""global_zero_allowed"", ""receiver"": ""support_attention"", ""receiver_layers"": 2, ""roi_mode"": ""none"", ""rounds"": 1, ""route"": ""B"", ""route_refresh"": ""once"", ""scout_resolution"": 112, ""scout_temporal_stride"": 1, ""scout_width"": 128, ""selector"": ""hybrid"", ""source_resolution"": 160, ""spatial_group"": 2, ""temporal_atom_tubelets"": 1, ""tia_scope"": ""source_native"", ""warmup_epochs"": 6}"
tr-1d7d835dcbe2,tr-8a922c4e6ca7,train,tr-1d7d835dcbe2,B_ST_dynamic_0.5,B,thumos14,0,b70ae056c495b43ca3f305fe438926b97b2723b5,ACCEPTED_NOT_COMPLETION,RUNNING,,A100,245389,24,PASS,"{""checkpoint_indexing"": ""zero_based"", ""diagnostic_completed_epochs"": [5, 20, 40, 60], ""saved_completed_epochs"": [5, 10, 15, 20, 25, 30, 35, 40, 45, 50, 55, 60], ""version"": ""audit-repair-20260908""}",2026-09-08T09:33:48.113485+00:00,,"{""actionness_aux"": false, ""allow_global_zero"": true, ""axis"": ""ST"", ""backbone"": ""videomae_b"", ""budget"": 0.5, ""budget_mode"": ""dynamic"", ""coarse_variant"": ""mean_shared"", ""cost_target"": ""traced_macs"", ""detail_probe_fraction"": 0.0, ""estimator"": ""pg_acquisition"", ""evidence_slots"": 4, ""exploration"": ""default"", ""fusion_variant"": ""residual"", ""geometry"": ""native_support"", ""head"": ""actionformer"", ""heavy_context"": ""parent16"", ""probe_every"": 32, ""query_length"": 768, ""quota"": ""global_zero_allowed"", ""receiver"": ""support_attention"", ""receiver_layers"": 2, ""roi_mode"": ""none"", ""rounds"": 1, ""route"": ""B"", ""route_refresh"": ""once"", ""scout_resolution"": 112, ""scout_temporal_stride"": 1, ""scout_width"": 128, ""selector"": ""hybrid"", ""source_resolution"": 160, ""spatial_group"": 2, ""temporal_atom_tubelets"": 1, ""tia_scope"": ""source_native"", ""warmup_epochs"": 6}"
tr-ecd7f031252c,tr-897ae22f3c4c,train,tr-ecd7f031252c,B_ST_dynamic_0.5,B,activitynet13,0,b70ae056c495b43ca3f305fe438926b97b2723b5,BLOCKED,BLOCKED_IMPLEMENTATION,activitynet13 dataset protocol adapter is not implemented,,,0,NOT_RUN,"{""checkpoint_indexing"": ""zero_based"", ""diagnostic_completed_epochs"": [5, 20, 40, 60], ""saved_completed_epochs"": [5, 10, 15, 20, 25, 30, 35, 40, 45, 50, 55, 60], ""version"": ""audit-repair-20260908""}",2026-09-08T09:33:48.114005+00:00,,"{""actionness_aux"": false, ""allow_global_zero"": true, ""axis"": ""ST"", ""backbone"": ""videomae_b"", ""budget"": 0.5, ""budget_mode"": ""dynamic"", ""coarse_variant"": ""mean_shared"", ""cost_target"": ""traced_macs"", ""detail_probe_fraction"": 0.0, ""estimator"": ""pg_acquisition"", ""evidence_slots"": 4, ""exploration"": ""default"", ""fusion_variant"": ""residual"", ""geometry"": ""native_support"", ""head"": ""actionformer"", ""heavy_context"": ""parent16"", ""probe_every"": 32, ""query_length"": 768, ""quota"": ""global_zero_allowed"", ""receiver"": ""support_attention"", ""receiver_layers"": 2, ""roi_mode"": ""none"", ""rounds"": 1, ""route"": ""B"", ""route_refresh"": ""once"", ""scout_resolution"": 112, ""scout_temporal_stride"": 1, ""scout_width"": 128, ""selector"": ""hybrid"", ""source_resolution"": 160, ""spatial_group"": 2, ""temporal_atom_tubelets"": 1, ""tia_scope"": ""source_native"", ""warmup_epochs"": 6}"
tr-269010aa8d4d,tr-4c353ec8d5c4,train,tr-269010aa8d4d,B_ST_dynamic_0.75,B,thumos14,0,b70ae056c495b43ca3f305fe438926b97b2723b5,ACCEPTED_NOT_COMPLETION,DEFERRED_PRIORITY,,,,0,NOT_RUN,"{""checkpoint_indexing"": ""zero_based"", ""diagnostic_completed_epochs"": [5, 20, 40, 60], ""saved_completed_epochs"": [5, 10, 15, 20, 25, 30, 35, 40, 45, 50, 55, 60], ""version"": ""audit-repair-20260908""}",2026-09-08T09:33:48.114005+00:00,,"{""actionness_aux"": false, ""allow_global_zero"": true, ""axis"": ""ST"", ""backbone"": ""videomae_b"", ""budget"": 0.75, ""budget_mode"": ""dynamic"", ""coarse_variant"": ""mean_shared"", ""cost_target"": ""traced_macs"", ""detail_probe_fraction"": 0.0, ""estimator"": ""pg_acquisition"", ""evidence_slots"": 4, ""exploration"": ""default"", ""fusion_variant"": ""residual"", ""geometry"": ""native_support"", ""head"": ""actionformer"", ""heavy_context"": ""parent16"", ""probe_every"": 32, ""query_length"": 768, ""quota"": ""global_zero_allowed"", ""receiver"": ""support_attention"", ""receiver_layers"": 2, ""roi_mode"": ""none"", ""rounds"": 1, ""route"": ""B"", ""route_refresh"": ""once"", ""scout_resolution"": 112, ""scout_temporal_stride"": 1, ""scout_width"": 128, ""selector"": ""hybrid"", ""source_resolution"": 160, ""spatial_group"": 2, ""temporal_atom_tubelets"": 1, ""tia_scope"": ""source_native"", ""warmup_epochs"": 6}"
tr-711f631d0709,tr-6c64203ba911,train,tr-711f631d0709,B_ST_dynamic_0.75,B,activitynet13,0,b70ae056c495b43ca3f305fe438926b97b2723b5,BLOCKED,BLOCKED_IMPLEMENTATION,activitynet13 dataset protocol adapter is not implemented,,,0,NOT_RUN,"{""checkpoint_indexing"": ""zero_based"", ""diagnostic_completed_epochs"": [5, 20, 40, 60], ""saved_completed_epochs"": [5, 10, 15, 20, 25, 30, 35, 40, 45, 50, 55, 60], ""version"": ""audit-repair-20260908""}",2026-09-08T09:33:48.114005+00:00,,"{""actionness_aux"": false, ""allow_global_zero"": true, ""axis"": ""ST"", ""backbone"": ""videomae_b"", ""budget"": 0.75, ""budget_mode"": ""dynamic"", ""coarse_variant"": ""mean_shared"", ""cost_target"": ""traced_macs"", ""detail_probe_fraction"": 0.0, ""estimator"": ""pg_acquisition"", ""evidence_slots"": 4, ""exploration"": ""default"", ""fusion_variant"": ""residual"", ""geometry"": ""native_support"", ""head"": ""actionformer"", ""heavy_context"": ""parent16"", ""probe_every"": 32, ""query_length"": 768, ""quota"": ""global_zero_allowed"", ""receiver"": ""support_attention"", ""receiver_layers"": 2, ""roi_mode"": ""none"", ""rounds"": 1, ""route"": ""B"", ""route_refresh"": ""once"", ""scout_resolution"": 112, ""scout_temporal_stride"": 1, ""scout_width"": 128, ""selector"": ""hybrid"", ""source_resolution"": 160, ""spatial_group"": 2, ""temporal_atom_tubelets"": 1, ""tia_scope"": ""source_native"", ""warmup_epochs"": 6}"
tr-18e60e111328,tr-5e74e2c1f122,train,tr-18e60e111328,C_fixed_0.25,C,thumos14,0,b70ae056c495b43ca3f305fe438926b97b2723b5,ACCEPTED_NOT_COMPLETION,DEFERRED_PRIORITY,,,,0,NOT_RUN,"{""checkpoint_indexing"": ""zero_based"", ""diagnostic_completed_epochs"": [5, 20, 40, 60], ""saved_completed_epochs"": [5, 10, 15, 20, 25, 30, 35, 40, 45, 50, 55, 60], ""version"": ""audit-repair-20260908""}",2026-09-08T09:33:48.114005+00:00,,"{""actionness_aux"": false, ""allow_global_zero"": true, ""axis"": ""ST"", ""backbone"": ""videomae_b"", ""budget"": 0.25, ""budget_mode"": ""fixed"", ""coarse_variant"": ""mean_shared"", ""cost_target"": ""traced_macs"", ""detail_probe_fraction"": 0.0, ""estimator"": ""none"", ""evidence_slots"": 4, ""exploration"": ""default"", ""fusion_variant"": ""residual"", ""geometry"": ""native_support"", ""head"": ""actionformer"", ""heavy_context"": ""parent16"", ""probe_every"": 0, ""query_length"": 768, ""quota"": ""global_zero_allowed"", ""receiver"": ""support_attention"", ""receiver_layers"": 2, ""roi_mode"": ""none"", ""rounds"": 1, ""route"": ""C"", ""route_refresh"": ""once"", ""scout_resolution"": 112, ""scout_temporal_stride"": 1, ""scout_width"": 128, ""selector"": ""none"", ""source_resolution"": 160, ""spatial_group"": 2, ""temporal_atom_tubelets"": 1, ""tia_scope"": ""source_native"", ""warmup_epochs"": 6}"
tr-69ad1fbce961,tr-8b7f3283f211,train,tr-69ad1fbce961,C_fixed_0.25,C,activitynet13,0,b70ae056c495b43ca3f305fe438926b97b2723b5,BLOCKED,BLOCKED_IMPLEMENTATION,activitynet13 dataset protocol adapter is not implemented,,,0,NOT_RUN,"{""checkpoint_indexing"": ""zero_based"", ""diagnostic_completed_epochs"": [5, 20, 40, 60], ""saved_completed_epochs"": [5, 10, 15, 20, 25, 30, 35, 40, 45, 50, 55, 60], ""version"": ""audit-repair-20260908""}",2026-09-08T09:33:48.114005+00:00,,"{""actionness_aux"": false, ""allow_global_zero"": true, ""axis"": ""ST"", ""backbone"": ""videomae_b"", ""budget"": 0.25, ""budget_mode"": ""fixed"", ""coarse_variant"": ""mean_shared"", ""cost_target"": ""traced_macs"", ""detail_probe_fraction"": 0.0, ""estimator"": ""none"", ""evidence_slots"": 4, ""exploration"": ""default"", ""fusion_variant"": ""residual"", ""geometry"": ""native_support"", ""head"": ""actionformer"", ""heavy_context"": ""parent16"", ""probe_every"": 0, ""query_length"": 768, ""quota"": ""global_zero_allowed"", ""receiver"": ""support_attention"", ""receiver_layers"": 2, ""roi_mode"": ""none"", ""rounds"": 1, ""route"": ""C"", ""route_refresh"": ""once"", ""scout_resolution"": 112, ""scout_temporal_stride"": 1, ""scout_width"": 128, ""selector"": ""none"", ""source_resolution"": 160, ""spatial_group"": 2, ""temporal_atom_tubelets"": 1, ""tia_scope"": ""source_native"", ""warmup_epochs"": 6}"
tr-7e78e2a74eee,tr-a45686a40afa,train,tr-7e78e2a74eee,C_fixed_0.5,C,thumos14,0,b70ae056c495b43ca3f305fe438926b97b2723b5,ACCEPTED_NOT_COMPLETION,RUNNING,,A100,245495,17,PASS,"{""checkpoint_indexing"": ""zero_based"", ""diagnostic_completed_epochs"": [5, 20, 40, 60], ""saved_completed_epochs"": [5, 10, 15, 20, 25, 30, 35, 40, 45, 50, 55, 60], ""version"": ""audit-repair-20260908""}",2026-09-08T09:33:48.113485+00:00,,"{""actionness_aux"": false, ""allow_global_zero"": true, ""axis"": ""ST"", ""backbone"": ""videomae_b"", ""budget"": 0.5, ""budget_mode"": ""fixed"", ""coarse_variant"": ""mean_shared"", ""cost_target"": ""traced_macs"", ""detail_probe_fraction"": 0.0, ""estimator"": ""pg_acquisition"", ""evidence_slots"": 4, ""exploration"": ""default"", ""fusion_variant"": ""residual"", ""geometry"": ""native_support"", ""head"": ""actionformer"", ""heavy_context"": ""parent16"", ""probe_every"": 32, ""query_length"": 768, ""quota"": ""global_zero_allowed"", ""receiver"": ""support_attention"", ""receiver_layers"": 2, ""roi_mode"": ""none"", ""rounds"": 1, ""route"": ""C"", ""route_refresh"": ""once"", ""scout_resolution"": 112, ""scout_temporal_stride"": 1, ""scout_width"": 128, ""selector"": ""hybrid"", ""source_resolution"": 160, ""spatial_group"": 2, ""temporal_atom_tubelets"": 1, ""tia_scope"": ""source_native"", ""warmup_epochs"": 6}"
tr-12b6f7e73af1,tr-a8835a6c636b,train,tr-12b6f7e73af1,C_fixed_0.5,C,activitynet13,0,b70ae056c495b43ca3f305fe438926b97b2723b5,BLOCKED,BLOCKED_IMPLEMENTATION,activitynet13 dataset protocol adapter is not implemented,,,0,NOT_RUN,"{""checkpoint_indexing"": ""zero_based"", ""diagnostic_completed_epochs"": [5, 20, 40, 60], ""saved_completed_epochs"": [5, 10, 15, 20, 25, 30, 35, 40, 45, 50, 55, 60], ""version"": ""audit-repair-20260908""}",2026-09-08T09:33:48.114005+00:00,,"{""actionness_aux"": false, ""allow_global_zero"": true, ""axis"": ""ST"", ""backbone"": ""videomae_b"", ""budget"": 0.5, ""budget_mode"": ""fixed"", ""coarse_variant"": ""mean_shared"", ""cost_target"": ""traced_macs"", ""detail_probe_fraction"": 0.0, ""estimator"": ""pg_acquisition"", ""evidence_slots"": 4, ""exploration"": ""default"", ""fusion_variant"": ""residual"", ""geometry"": ""native_support"", ""head"": ""actionformer"", ""heavy_context"": ""parent16"", ""probe_every"": 32, ""query_length"": 768, ""quota"": ""global_zero_allowed"", ""receiver"": ""support_attention"", ""receiver_layers"": 2, ""roi_mode"": ""none"", ""rounds"": 1, ""route"": ""C"", ""route_refresh"": ""once"", ""scout_resolution"": 112, ""scout_temporal_stride"": 1, ""scout_width"": 128, ""selector"": ""hybrid"", ""source_resolution"": 160, ""spatial_group"": 2, ""temporal_atom_tubelets"": 1, ""tia_scope"": ""source_native"", ""warmup_epochs"": 6}"
tr-a0f51d932244,tr-2d7efeb32f89,train,tr-a0f51d932244,C_fixed_0.75,C,thumos14,0,b70ae056c495b43ca3f305fe438926b97b2723b5,ACCEPTED_NOT_COMPLETION,DEFERRED_PRIORITY,,,,0,NOT_RUN,"{""checkpoint_indexing"": ""zero_based"", ""diagnostic_completed_epochs"": [5, 20, 40, 60], ""saved_completed_epochs"": [5, 10, 15, 20, 25, 30, 35, 40, 45, 50, 55, 60], ""version"": ""audit-repair-20260908""}",2026-09-08T09:33:48.114005+00:00,,"{""actionness_aux"": false, ""allow_global_zero"": true, ""axis"": ""ST"", ""backbone"": ""videomae_b"", ""budget"": 0.75, ""budget_mode"": ""fixed"", ""coarse_variant"": ""mean_shared"", ""cost_target"": ""traced_macs"", ""detail_probe_fraction"": 0.0, ""estimator"": ""pg_acquisition"", ""evidence_slots"": 4, ""exploration"": ""default"", ""fusion_variant"": ""residual"", ""geometry"": ""native_support"", ""head"": ""actionformer"", ""heavy_context"": ""parent16"", ""probe_every"": 32, ""query_length"": 768, ""quota"": ""global_zero_allowed"", ""receiver"": ""support_attention"", ""receiver_layers"": 2, ""roi_mode"": ""none"", ""rounds"": 1, ""route"": ""C"", ""route_refresh"": ""once"", ""scout_resolution"": 112, ""scout_temporal_stride"": 1, ""scout_width"": 128, ""selector"": ""hybrid"", ""source_resolution"": 160, ""spatial_group"": 2, ""temporal_atom_tubelets"": 1, ""tia_scope"": ""source_native"", ""warmup_epochs"": 6}"
tr-0c985ae28229,tr-bca79ac1107f,train,tr-0c985ae28229,C_fixed_0.75,C,activitynet13,0,b70ae056c495b43ca3f305fe438926b97b2723b5,BLOCKED,BLOCKED_IMPLEMENTATION,activitynet13 dataset protocol adapter is not implemented,,,0,NOT_RUN,"{""checkpoint_indexing"": ""zero_based"", ""diagnostic_completed_epochs"": [5, 20, 40, 60], ""saved_completed_epochs"": [5, 10, 15, 20, 25, 30, 35, 40, 45, 50, 55, 60], ""version"": ""audit-repair-20260908""}",2026-09-08T09:33:48.114005+00:00,,"{""actionness_aux"": false, ""allow_global_zero"": true, ""axis"": ""ST"", ""backbone"": ""videomae_b"", ""budget"": 0.75, ""budget_mode"": ""fixed"", ""coarse_variant"": ""mean_shared"", ""cost_target"": ""traced_macs"", ""detail_probe_fraction"": 0.0, ""estimator"": ""pg_acquisition"", ""evidence_slots"": 4, ""exploration"": ""default"", ""fusion_variant"": ""residual"", ""geometry"": ""native_support"", ""head"": ""actionformer"", ""heavy_context"": ""parent16"", ""probe_every"": 32, ""query_length"": 768, ""quota"": ""global_zero_allowed"", ""receiver"": ""support_attention"", ""receiver_layers"": 2, ""roi_mode"": ""none"", ""rounds"": 1, ""route"": ""C"", ""route_refresh"": ""once"", ""scout_resolution"": 112, ""scout_temporal_stride"": 1, ""scout_width"": 128, ""selector"": ""hybrid"", ""source_resolution"": 160, ""spatial_group"": 2, ""temporal_atom_tubelets"": 1, ""tia_scope"": ""source_native"", ""warmup_epochs"": 6}"
tr-5789d4417b4b,tr-72ba800e6f08,train,tr-5789d4417b4b,C_dynamic_0.5,C,thumos14,0,b70ae056c495b43ca3f305fe438926b97b2723b5,ACCEPTED_NOT_COMPLETION,RUNNING,,A100,245440,20,PASS,"{""checkpoint_indexing"": ""zero_based"", ""diagnostic_completed_epochs"": [5, 20, 40, 60], ""saved_completed_epochs"": [5, 10, 15, 20, 25, 30, 35, 40, 45, 50, 55, 60], ""version"": ""audit-repair-20260908""}",2026-09-08T09:33:48.113485+00:00,,"{""actionness_aux"": false, ""allow_global_zero"": true, ""axis"": ""ST"", ""backbone"": ""videomae_b"", ""budget"": 0.5, ""budget_mode"": ""dynamic"", ""coarse_variant"": ""mean_shared"", ""cost_target"": ""traced_macs"", ""detail_probe_fraction"": 0.0, ""estimator"": ""pg_acquisition"", ""evidence_slots"": 4, ""exploration"": ""default"", ""fusion_variant"": ""residual"", ""geometry"": ""native_support"", ""head"": ""actionformer"", ""heavy_context"": ""parent16"", ""probe_every"": 32, ""query_length"": 768, ""quota"": ""global_zero_allowed"", ""receiver"": ""support_attention"", ""receiver_layers"": 2, ""roi_mode"": ""none"", ""rounds"": 1, ""route"": ""C"", ""route_refresh"": ""once"", ""scout_resolution"": 112, ""scout_temporal_stride"": 1, ""scout_width"": 128, ""selector"": ""hybrid"", ""source_resolution"": 160, ""spatial_group"": 2, ""temporal_atom_tubelets"": 1, ""tia_scope"": ""source_native"", ""warmup_epochs"": 6}"
tr-518877fe93e2,tr-50239701ca26,train,tr-518877fe93e2,C_dynamic_0.5,C,activitynet13,0,b70ae056c495b43ca3f305fe438926b97b2723b5,BLOCKED,BLOCKED_IMPLEMENTATION,activitynet13 dataset protocol adapter is not implemented,,,0,NOT_RUN,"{""checkpoint_indexing"": ""zero_based"", ""diagnostic_completed_epochs"": [5, 20, 40, 60], ""saved_completed_epochs"": [5, 10, 15, 20, 25, 30, 35, 40, 45, 50, 55, 60], ""version"": ""audit-repair-20260908""}",2026-09-08T09:33:48.114005+00:00,,"{""actionness_aux"": false, ""allow_global_zero"": true, ""axis"": ""ST"", ""backbone"": ""videomae_b"", ""budget"": 0.5, ""budget_mode"": ""dynamic"", ""coarse_variant"": ""mean_shared"", ""cost_target"": ""traced_macs"", ""detail_probe_fraction"": 0.0, ""estimator"": ""pg_acquisition"", ""evidence_slots"": 4, ""exploration"": ""default"", ""fusion_variant"": ""residual"", ""geometry"": ""native_support"", ""head"": ""actionformer"", ""heavy_context"": ""parent16"", ""probe_every"": 32, ""query_length"": 768, ""quota"": ""global_zero_allowed"", ""receiver"": ""support_attention"", ""receiver_layers"": 2, ""roi_mode"": ""none"", ""rounds"": 1, ""route"": ""C"", ""route_refresh"": ""once"", ""scout_resolution"": 112, ""scout_temporal_stride"": 1, ""scout_width"": 128, ""selector"": ""hybrid"", ""source_resolution"": 160, ""spatial_group"": 2, ""temporal_atom_tubelets"": 1, ""tia_scope"": ""source_native"", ""warmup_epochs"": 6}"
tr-a90a58fe5da4,tr-573527561f1c,train,tr-a90a58fe5da4,C_dynamic_0.75,C,thumos14,0,b70ae056c495b43ca3f305fe438926b97b2723b5,ACCEPTED_NOT_COMPLETION,DEFERRED_PRIORITY,,,,0,NOT_RUN,"{""checkpoint_indexing"": ""zero_based"", ""diagnostic_completed_epochs"": [5, 20, 40, 60], ""saved_completed_epochs"": [5, 10, 15, 20, 25, 30, 35, 40, 45, 50, 55, 60], ""version"": ""audit-repair-20260908""}",2026-09-08T09:33:48.114005+00:00,,"{""actionness_aux"": false, ""allow_global_zero"": true, ""axis"": ""ST"", ""backbone"": ""videomae_b"", ""budget"": 0.75, ""budget_mode"": ""dynamic"", ""coarse_variant"": ""mean_shared"", ""cost_target"": ""traced_macs"", ""detail_probe_fraction"": 0.0, ""estimator"": ""pg_acquisition"", ""evidence_slots"": 4, ""exploration"": ""default"", ""fusion_variant"": ""residual"", ""geometry"": ""native_support"", ""head"": ""actionformer"", ""heavy_context"": ""parent16"", ""probe_every"": 32, ""query_length"": 768, ""quota"": ""global_zero_allowed"", ""receiver"": ""support_attention"", ""receiver_layers"": 2, ""roi_mode"": ""none"", ""rounds"": 1, ""route"": ""C"", ""route_refresh"": ""once"", ""scout_resolution"": 112, ""scout_temporal_stride"": 1, ""scout_width"": 128, ""selector"": ""hybrid"", ""source_resolution"": 160, ""spatial_group"": 2, ""temporal_atom_tubelets"": 1, ""tia_scope"": ""source_native"", ""warmup_epochs"": 6}"
tr-975a9df3731b,tr-4b317c0ba5a9,train,tr-975a9df3731b,C_dynamic_0.75,C,activitynet13,0,b70ae056c495b43ca3f305fe438926b97b2723b5,BLOCKED,BLOCKED_IMPLEMENTATION,activitynet13 dataset protocol adapter is not implemented,,,0,NOT_RUN,"{""checkpoint_indexing"": ""zero_based"", ""diagnostic_completed_epochs"": [5, 20, 40, 60], ""saved_completed_epochs"": [5, 10, 15, 20, 25, 30, 35, 40, 45, 50, 55, 60], ""version"": ""audit-repair-20260908""}",2026-09-08T09:33:48.114005+00:00,,"{""actionness_aux"": false, ""allow_global_zero"": true, ""axis"": ""ST"", ""backbone"": ""videomae_b"", ""budget"": 0.75, ""budget_mode"": ""dynamic"", ""coarse_variant"": ""mean_shared"", ""cost_target"": ""traced_macs"", ""detail_probe_fraction"": 0.0, ""estimator"": ""pg_acquisition"", ""evidence_slots"": 4, ""exploration"": ""default"", ""fusion_variant"": ""residual"", ""geometry"": ""native_support"", ""head"": ""actionformer"", ""heavy_context"": ""parent16"", ""probe_every"": 32, ""query_length"": 768, ""quota"": ""global_zero_allowed"", ""receiver"": ""support_attention"", ""receiver_layers"": 2, ""roi_mode"": ""none"", ""rounds"": 1, ""route"": ""C"", ""route_refresh"": ""once"", ""scout_resolution"": 112, ""scout_temporal_stride"": 1, ""scout_width"": 128, ""selector"": ""hybrid"", ""source_resolution"": 160, ""spatial_group"": 2, ""temporal_atom_tubelets"": 1, ""tia_scope"": ""source_native"", ""warmup_epochs"": 6}"
tr-786cf750fa74,tr-f90ea0ae2ce4,train,tr-786cf750fa74,A_uniform,A,thumos14,0,b70ae056c495b43ca3f305fe438926b97b2723b5,ACCEPTED_NOT_COMPLETION,PENDING,,N16R4,1278774,1,PASS,"{""checkpoint_indexing"": ""zero_based"", ""diagnostic_completed_epochs"": [5, 20, 40, 60], ""saved_completed_epochs"": [5, 10, 15, 20, 25, 30, 35, 40, 45, 50, 55, 60], ""version"": ""audit-repair-20260908""}",2026-09-08T09:33:47.478625+00:00,,"{""actionness_aux"": false, ""allow_global_zero"": true, ""axis"": ""T"", ""backbone"": ""videomae_b"", ""budget"": 0.5, ""budget_mode"": ""fixed"", ""coarse_variant"": ""mean_shared"", ""cost_target"": ""traced_macs"", ""detail_probe_fraction"": 0.0, ""estimator"": ""task_aux_or_none"", ""evidence_slots"": 4, ""exploration"": ""default"", ""fusion_variant"": ""residual"", ""geometry"": ""native_support"", ""head"": ""actionformer"", ""heavy_context"": ""parent16"", ""probe_every"": 0, ""query_length"": 768, ""quota"": ""global_zero_allowed"", ""receiver"": ""support_attention"", ""receiver_layers"": 2, ""roi_mode"": ""none"", ""rounds"": 1, ""route"": ""A"", ""route_refresh"": ""once"", ""scout_resolution"": 112, ""scout_temporal_stride"": 1, ""scout_width"": 128, ""selector"": ""uniform"", ""source_resolution"": 160, ""spatial_group"": 2, ""temporal_atom_tubelets"": 1, ""tia_scope"": ""source_native"", ""warmup_epochs"": 6}"
tr-4df361e4d1ee,tr-ff0d0e144b73,train,tr-4df361e4d1ee,A_random,A,thumos14,0,b70ae056c495b43ca3f305fe438926b97b2723b5,ACCEPTED_NOT_COMPLETION,DEFERRED_PRIORITY,,,,0,NOT_RUN,"{""checkpoint_indexing"": ""zero_based"", ""diagnostic_completed_epochs"": [5, 20, 40, 60], ""saved_completed_epochs"": [5, 10, 15, 20, 25, 30, 35, 40, 45, 50, 55, 60], ""version"": ""audit-repair-20260908""}",2026-09-08T09:33:48.114005+00:00,,"{""actionness_aux"": false, ""allow_global_zero"": true, ""axis"": ""T"", ""backbone"": ""videomae_b"", ""budget"": 0.5, ""budget_mode"": ""fixed"", ""coarse_variant"": ""mean_shared"", ""cost_target"": ""traced_macs"", ""detail_probe_fraction"": 0.0, ""estimator"": ""task_aux_or_none"", ""evidence_slots"": 4, ""exploration"": ""default"", ""fusion_variant"": ""residual"", ""geometry"": ""native_support"", ""head"": ""actionformer"", ""heavy_context"": ""parent16"", ""probe_every"": 0, ""query_length"": 768, ""quota"": ""global_zero_allowed"", ""receiver"": ""support_attention"", ""receiver_layers"": 2, ""roi_mode"": ""none"", ""rounds"": 1, ""route"": ""A"", ""route_refresh"": ""once"", ""scout_resolution"": 112, ""scout_temporal_stride"": 1, ""scout_width"": 128, ""selector"": ""random"", ""source_resolution"": 160, ""spatial_group"": 2, ""temporal_atom_tubelets"": 1, ""tia_scope"": ""source_native"", ""warmup_epochs"": 6}"
tr-d76d3557ea49,tr-c14dbe9b3709,train,tr-d76d3557ea49,A_motion,A,thumos14,0,b70ae056c495b43ca3f305fe438926b97b2723b5,ACCEPTED_NOT_COMPLETION,DEFERRED_PRIORITY,,,,0,NOT_RUN,"{""checkpoint_indexing"": ""zero_based"", ""diagnostic_completed_epochs"": [5, 20, 40, 60], ""saved_completed_epochs"": [5, 10, 15, 20, 25, 30, 35, 40, 45, 50, 55, 60], ""version"": ""audit-repair-20260908""}",2026-09-08T09:33:48.114005+00:00,,"{""actionness_aux"": false, ""allow_global_zero"": true, ""axis"": ""T"", ""backbone"": ""videomae_b"", ""budget"": 0.5, ""budget_mode"": ""fixed"", ""coarse_variant"": ""mean_shared"", ""cost_target"": ""traced_macs"", ""detail_probe_fraction"": 0.0, ""estimator"": ""task_aux_or_none"", ""evidence_slots"": 4, ""exploration"": ""default"", ""fusion_variant"": ""residual"", ""geometry"": ""native_support"", ""head"": ""actionformer"", ""heavy_context"": ""parent16"", ""probe_every"": 0, ""query_length"": 768, ""quota"": ""global_zero_allowed"", ""receiver"": ""support_attention"", ""receiver_layers"": 2, ""roi_mode"": ""none"", ""rounds"": 1, ""route"": ""A"", ""route_refresh"": ""once"", ""scout_resolution"": 112, ""scout_temporal_stride"": 1, ""scout_width"": 128, ""selector"": ""motion"", ""source_resolution"": 160, ""spatial_group"": 2, ""temporal_atom_tubelets"": 1, ""tia_scope"": ""source_native"", ""warmup_epochs"": 6}"
tr-90ed09ad55d7,tr-896e28fef7de,train,tr-90ed09ad55d7,A_actionness,A,thumos14,0,b70ae056c495b43ca3f305fe438926b97b2723b5,ACCEPTED_NOT_COMPLETION,DEFERRED_PRIORITY,,,,0,NOT_RUN,"{""checkpoint_indexing"": ""zero_based"", ""diagnostic_completed_epochs"": [5, 20, 40, 60], ""saved_completed_epochs"": [5, 10, 15, 20, 25, 30, 35, 40, 45, 50, 55, 60], ""version"": ""audit-repair-20260908""}",2026-09-08T09:33:48.114005+00:00,,"{""actionness_aux"": false, ""allow_global_zero"": true, ""axis"": ""T"", ""backbone"": ""videomae_b"", ""budget"": 0.5, ""budget_mode"": ""fixed"", ""coarse_variant"": ""mean_shared"", ""cost_target"": ""traced_macs"", ""detail_probe_fraction"": 0.0, ""estimator"": ""task_aux_or_none"", ""evidence_slots"": 4, ""exploration"": ""default"", ""fusion_variant"": ""residual"", ""geometry"": ""native_support"", ""head"": ""actionformer"", ""heavy_context"": ""parent16"", ""probe_every"": 0, ""query_length"": 768, ""quota"": ""global_zero_allowed"", ""receiver"": ""support_attention"", ""receiver_layers"": 2, ""roi_mode"": ""none"", ""rounds"": 1, ""route"": ""A"", ""route_refresh"": ""once"", ""scout_resolution"": 112, ""scout_temporal_stride"": 1, ""scout_width"": 128, ""selector"": ""actionness"", ""source_resolution"": 160, ""spatial_group"": 2, ""temporal_atom_tubelets"": 1, ""tia_scope"": ""source_native"", ""warmup_epochs"": 6}"
tr-a05be91238e7,tr-a2206cdebb45,train,tr-a05be91238e7,A_uncertainty,A,thumos14,0,b70ae056c495b43ca3f305fe438926b97b2723b5,ACCEPTED_NOT_COMPLETION,DEFERRED_PRIORITY,,,,0,NOT_RUN,"{""checkpoint_indexing"": ""zero_based"", ""diagnostic_completed_epochs"": [5, 20, 40, 60], ""saved_completed_epochs"": [5, 10, 15, 20, 25, 30, 35, 40, 45, 50, 55, 60], ""version"": ""audit-repair-20260908""}",2026-09-08T09:33:48.114005+00:00,,"{""actionness_aux"": false, ""allow_global_zero"": true, ""axis"": ""T"", ""backbone"": ""videomae_b"", ""budget"": 0.5, ""budget_mode"": ""fixed"", ""coarse_variant"": ""mean_shared"", ""cost_target"": ""traced_macs"", ""detail_probe_fraction"": 0.0, ""estimator"": ""task_aux_or_none"", ""evidence_slots"": 4, ""exploration"": ""default"", ""fusion_variant"": ""residual"", ""geometry"": ""native_support"", ""head"": ""actionformer"", ""heavy_context"": ""parent16"", ""probe_every"": 0, ""query_length"": 768, ""quota"": ""global_zero_allowed"", ""receiver"": ""support_attention"", ""receiver_layers"": 2, ""roi_mode"": ""none"", ""rounds"": 1, ""route"": ""A"", ""route_refresh"": ""once"", ""scout_resolution"": 112, ""scout_temporal_stride"": 1, ""scout_width"": 128, ""selector"": ""uncertainty"", ""source_resolution"": 160, ""spatial_group"": 2, ""temporal_atom_tubelets"": 1, ""tia_scope"": ""source_native"", ""warmup_epochs"": 6}"
tr-85630c82c437,tr-f1c633aca1d5,train,tr-85630c82c437,A_cdf_native,A,thumos14,0,b70ae056c495b43ca3f305fe438926b97b2723b5,ACCEPTED_NOT_COMPLETION,DEFERRED_PRIORITY,,,,0,NOT_RUN,"{""checkpoint_indexing"": ""zero_based"", ""diagnostic_completed_epochs"": [5, 20, 40, 60], ""saved_completed_epochs"": [5, 10, 15, 20, 25, 30, 35, 40, 45, 50, 55, 60], ""version"": ""audit-repair-20260908""}",2026-09-08T09:33:48.114005+00:00,,"{""actionness_aux"": false, ""allow_global_zero"": true, ""axis"": ""T"", ""backbone"": ""videomae_b"", ""budget"": 0.5, ""budget_mode"": ""fixed"", ""coarse_variant"": ""mean_shared"", ""cost_target"": ""traced_macs"", ""detail_probe_fraction"": 0.0, ""estimator"": ""task_aux_or_none"", ""evidence_slots"": 4, ""exploration"": ""default"", ""fusion_variant"": ""residual"", ""geometry"": ""native_support"", ""head"": ""actionformer"", ""heavy_context"": ""parent16"", ""probe_every"": 0, ""query_length"": 768, ""quota"": ""global_zero_allowed"", ""receiver"": ""support_attention"", ""receiver_layers"": 2, ""roi_mode"": ""none"", ""rounds"": 1, ""route"": ""A"", ""route_refresh"": ""once"", ""scout_resolution"": 112, ""scout_temporal_stride"": 1, ""scout_width"": 128, ""selector"": ""cdf_native"", ""source_resolution"": 160, ""spatial_group"": 2, ""temporal_atom_tubelets"": 1, ""tia_scope"": ""source_native"", ""warmup_epochs"": 6}"
tr-f962507e428e,tr-dd00d28afcf8,train,tr-f962507e428e,A_pg_only,A,thumos14,0,b70ae056c495b43ca3f305fe438926b97b2723b5,ACCEPTED_NOT_COMPLETION,DEFERRED_PRIORITY,,,,0,NOT_RUN,"{""checkpoint_indexing"": ""zero_based"", ""diagnostic_completed_epochs"": [5, 20, 40, 60], ""saved_completed_epochs"": [5, 10, 15, 20, 25, 30, 35, 40, 45, 50, 55, 60], ""version"": ""audit-repair-20260908""}",2026-09-08T09:33:48.114005+00:00,,"{""actionness_aux"": false, ""allow_global_zero"": true, ""axis"": ""T"", ""backbone"": ""videomae_b"", ""budget"": 0.5, ""budget_mode"": ""fixed"", ""coarse_variant"": ""mean_shared"", ""cost_target"": ""traced_macs"", ""detail_probe_fraction"": 0.0, ""estimator"": ""pg"", ""evidence_slots"": 4, ""exploration"": ""default"", ""fusion_variant"": ""residual"", ""geometry"": ""native_support"", ""head"": ""actionformer"", ""heavy_context"": ""parent16"", ""probe_every"": 0, ""query_length"": 768, ""quota"": ""global_zero_allowed"", ""receiver"": ""support_attention"", ""receiver_layers"": 2, ""roi_mode"": ""none"", ""rounds"": 1, ""route"": ""A"", ""route_refresh"": ""once"", ""scout_resolution"": 112, ""scout_temporal_stride"": 1, ""scout_width"": 128, ""selector"": ""pg_only"", ""source_resolution"": 160, ""spatial_group"": 2, ""temporal_atom_tubelets"": 1, ""tia_scope"": ""source_native"", ""warmup_epochs"": 6}"
tr-3d90bb0b7c1d,tr-6f26bfd4ff96,train,tr-3d90bb0b7c1d,B_uniform,B,thumos14,0,b70ae056c495b43ca3f305fe438926b97b2723b5,ACCEPTED_NOT_COMPLETION,PENDING,,A100,245163,0,PASS,"{""checkpoint_indexing"": ""zero_based"", ""diagnostic_completed_epochs"": [5, 20, 40, 60], ""saved_completed_epochs"": [5, 10, 15, 20, 25, 30, 35, 40, 45, 50, 55, 60], ""version"": ""audit-repair-20260908""}",2026-09-08T09:33:47.527536+00:00,,"{""actionness_aux"": false, ""allow_global_zero"": true, ""axis"": ""T"", ""backbone"": ""videomae_b"", ""budget"": 0.5, ""budget_mode"": ""fixed"", ""coarse_variant"": ""mean_shared"", ""cost_target"": ""traced_macs"", ""detail_probe_fraction"": 0.0, ""estimator"": ""task_aux_or_none"", ""evidence_slots"": 4, ""exploration"": ""default"", ""fusion_variant"": ""residual"", ""geometry"": ""native_support"", ""head"": ""actionformer"", ""heavy_context"": ""parent16"", ""probe_every"": 0, ""query_length"": 768, ""quota"": ""global_zero_allowed"", ""receiver"": ""support_attention"", ""receiver_layers"": 2, ""roi_mode"": ""none"", ""rounds"": 1, ""route"": ""B"", ""route_refresh"": ""once"", ""scout_resolution"": 112, ""scout_temporal_stride"": 1, ""scout_width"": 128, ""selector"": ""uniform"", ""source_resolution"": 160, ""spatial_group"": 2, ""temporal_atom_tubelets"": 1, ""tia_scope"": ""source_native"", ""warmup_epochs"": 6}"
tr-521236afb943,tr-2790b615f225,train,tr-521236afb943,B_random,B,thumos14,0,b70ae056c495b43ca3f305fe438926b97b2723b5,ACCEPTED_NOT_COMPLETION,DEFERRED_PRIORITY,,,,0,NOT_RUN,"{""checkpoint_indexing"": ""zero_based"", ""diagnostic_completed_epochs"": [5, 20, 40, 60], ""saved_completed_epochs"": [5, 10, 15, 20, 25, 30, 35, 40, 45, 50, 55, 60], ""version"": ""audit-repair-20260908""}",2026-09-08T09:33:48.114005+00:00,,"{""actionness_aux"": false, ""allow_global_zero"": true, ""axis"": ""T"", ""backbone"": ""videomae_b"", ""budget"": 0.5, ""budget_mode"": ""fixed"", ""coarse_variant"": ""mean_shared"", ""cost_target"": ""traced_macs"", ""detail_probe_fraction"": 0.0, ""estimator"": ""task_aux_or_none"", ""evidence_slots"": 4, ""exploration"": ""default"", ""fusion_variant"": ""residual"", ""geometry"": ""native_support"", ""head"": ""actionformer"", ""heavy_context"": ""parent16"", ""probe_every"": 0, ""query_length"": 768, ""quota"": ""global_zero_allowed"", ""receiver"": ""support_attention"", ""receiver_layers"": 2, ""roi_mode"": ""none"", ""rounds"": 1, ""route"": ""B"", ""route_refresh"": ""once"", ""scout_resolution"": 112, ""scout_temporal_stride"": 1, ""scout_width"": 128, ""selector"": ""random"", ""source_resolution"": 160, ""spatial_group"": 2, ""temporal_atom_tubelets"": 1, ""tia_scope"": ""source_native"", ""warmup_epochs"": 6}"
tr-b11ff0296ac2,tr-cf2a5a9218bc,train,tr-b11ff0296ac2,B_motion,B,thumos14,0,b70ae056c495b43ca3f305fe438926b97b2723b5,ACCEPTED_NOT_COMPLETION,DEFERRED_PRIORITY,,,,0,NOT_RUN,"{""checkpoint_indexing"": ""zero_based"", ""diagnostic_completed_epochs"": [5, 20, 40, 60], ""saved_completed_epochs"": [5, 10, 15, 20, 25, 30, 35, 40, 45, 50, 55, 60], ""version"": ""audit-repair-20260908""}",2026-09-08T09:33:48.114005+00:00,,"{""actionness_aux"": false, ""allow_global_zero"": true, ""axis"": ""T"", ""backbone"": ""videomae_b"", ""budget"": 0.5, ""budget_mode"": ""fixed"", ""coarse_variant"": ""mean_shared"", ""cost_target"": ""traced_macs"", ""detail_probe_fraction"": 0.0, ""estimator"": ""task_aux_or_none"", ""evidence_slots"": 4, ""exploration"": ""default"", ""fusion_variant"": ""residual"", ""geometry"": ""native_support"", ""head"": ""actionformer"", ""heavy_context"": ""parent16"", ""probe_every"": 0, ""query_length"": 768, ""quota"": ""global_zero_allowed"", ""receiver"": ""support_attention"", ""receiver_layers"": 2, ""roi_mode"": ""none"", ""rounds"": 1, ""route"": ""B"", ""route_refresh"": ""once"", ""scout_resolution"": 112, ""scout_temporal_stride"": 1, ""scout_width"": 128, ""selector"": ""motion"", ""source_resolution"": 160, ""spatial_group"": 2, ""temporal_atom_tubelets"": 1, ""tia_scope"": ""source_native"", ""warmup_epochs"": 6}"
tr-afe799b6d106,tr-a8e8b7a36ead,train,tr-afe799b6d106,B_actionness,B,thumos14,0,b70ae056c495b43ca3f305fe438926b97b2723b5,ACCEPTED_NOT_COMPLETION,DEFERRED_PRIORITY,,,,0,NOT_RUN,"{""checkpoint_indexing"": ""zero_based"", ""diagnostic_completed_epochs"": [5, 20, 40, 60], ""saved_completed_epochs"": [5, 10, 15, 20, 25, 30, 35, 40, 45, 50, 55, 60], ""version"": ""audit-repair-20260908""}",2026-09-08T09:33:48.114005+00:00,,"{""actionness_aux"": false, ""allow_global_zero"": true, ""axis"": ""T"", ""backbone"": ""videomae_b"", ""budget"": 0.5, ""budget_mode"": ""fixed"", ""coarse_variant"": ""mean_shared"", ""cost_target"": ""traced_macs"", ""detail_probe_fraction"": 0.0, ""estimator"": ""task_aux_or_none"", ""evidence_slots"": 4, ""exploration"": ""default"", ""fusion_variant"": ""residual"", ""geometry"": ""native_support"", ""head"": ""actionformer"", ""heavy_context"": ""parent16"", ""probe_every"": 0, ""query_length"": 768, ""quota"": ""global_zero_allowed"", ""receiver"": ""support_attention"", ""receiver_layers"": 2, ""roi_mode"": ""none"", ""rounds"": 1, ""route"": ""B"", ""route_refresh"": ""once"", ""scout_resolution"": 112, ""scout_temporal_stride"": 1, ""scout_width"": 128, ""selector"": ""actionness"", ""source_resolution"": 160, ""spatial_group"": 2, ""temporal_atom_tubelets"": 1, ""tia_scope"": ""source_native"", ""warmup_epochs"": 6}"
tr-856875af9b75,tr-3fa03e702934,train,tr-856875af9b75,B_uncertainty,B,thumos14,0,b70ae056c495b43ca3f305fe438926b97b2723b5,ACCEPTED_NOT_COMPLETION,DEFERRED_PRIORITY,,,,0,NOT_RUN,"{""checkpoint_indexing"": ""zero_based"", ""diagnostic_completed_epochs"": [5, 20, 40, 60], ""saved_completed_epochs"": [5, 10, 15, 20, 25, 30, 35, 40, 45, 50, 55, 60], ""version"": ""audit-repair-20260908""}",2026-09-08T09:33:48.114005+00:00,,"{""actionness_aux"": false, ""allow_global_zero"": true, ""axis"": ""T"", ""backbone"": ""videomae_b"", ""budget"": 0.5, ""budget_mode"": ""fixed"", ""coarse_variant"": ""mean_shared"", ""cost_target"": ""traced_macs"", ""detail_probe_fraction"": 0.0, ""estimator"": ""task_aux_or_none"", ""evidence_slots"": 4, ""exploration"": ""default"", ""fusion_variant"": ""residual"", ""geometry"": ""native_support"", ""head"": ""actionformer"", ""heavy_context"": ""parent16"", ""probe_every"": 0, ""query_length"": 768, ""quota"": ""global_zero_allowed"", ""receiver"": ""support_attention"", ""receiver_layers"": 2, ""roi_mode"": ""none"", ""rounds"": 1, ""route"": ""B"", ""route_refresh"": ""once"", ""scout_resolution"": 112, ""scout_temporal_stride"": 1, ""scout_width"": 128, ""selector"": ""uncertainty"", ""source_resolution"": 160, ""spatial_group"": 2, ""temporal_atom_tubelets"": 1, ""tia_scope"": ""source_native"", ""warmup_epochs"": 6}"
tr-62afe79c8d74,tr-e4abfa6daf11,train,tr-62afe79c8d74,B_cdf_native,B,thumos14,0,b70ae056c495b43ca3f305fe438926b97b2723b5,ACCEPTED_NOT_COMPLETION,DEFERRED_PRIORITY,,,,0,NOT_RUN,"{""checkpoint_indexing"": ""zero_based"", ""diagnostic_completed_epochs"": [5, 20, 40, 60], ""saved_completed_epochs"": [5, 10, 15, 20, 25, 30, 35, 40, 45, 50, 55, 60], ""version"": ""audit-repair-20260908""}",2026-09-08T09:33:48.114005+00:00,,"{""actionness_aux"": false, ""allow_global_zero"": true, ""axis"": ""T"", ""backbone"": ""videomae_b"", ""budget"": 0.5, ""budget_mode"": ""fixed"", ""coarse_variant"": ""mean_shared"", ""cost_target"": ""traced_macs"", ""detail_probe_fraction"": 0.0, ""estimator"": ""task_aux_or_none"", ""evidence_slots"": 4, ""exploration"": ""default"", ""fusion_variant"": ""residual"", ""geometry"": ""native_support"", ""head"": ""actionformer"", ""heavy_context"": ""parent16"", ""probe_every"": 0, ""query_length"": 768, ""quota"": ""global_zero_allowed"", ""receiver"": ""support_attention"", ""receiver_layers"": 2, ""roi_mode"": ""none"", ""rounds"": 1, ""route"": ""B"", ""route_refresh"": ""once"", ""scout_resolution"": 112, ""scout_temporal_stride"": 1, ""scout_width"": 128, ""selector"": ""cdf_native"", ""source_resolution"": 160, ""spatial_group"": 2, ""temporal_atom_tubelets"": 1, ""tia_scope"": ""source_native"", ""warmup_epochs"": 6}"
tr-5d523f44a783,tr-88e517bd9aae,train,tr-5d523f44a783,B_pg_only,B,thumos14,0,b70ae056c495b43ca3f305fe438926b97b2723b5,ACCEPTED_NOT_COMPLETION,DEFERRED_PRIORITY,,,,0,NOT_RUN,"{""checkpoint_indexing"": ""zero_based"", ""diagnostic_completed_epochs"": [5, 20, 40, 60], ""saved_completed_epochs"": [5, 10, 15, 20, 25, 30, 35, 40, 45, 50, 55, 60], ""version"": ""audit-repair-20260908""}",2026-09-08T09:33:48.114005+00:00,,"{""actionness_aux"": false, ""allow_global_zero"": true, ""axis"": ""T"", ""backbone"": ""videomae_b"", ""budget"": 0.5, ""budget_mode"": ""fixed"", ""coarse_variant"": ""mean_shared"", ""cost_target"": ""traced_macs"", ""detail_probe_fraction"": 0.0, ""estimator"": ""pg"", ""evidence_slots"": 4, ""exploration"": ""default"", ""fusion_variant"": ""residual"", ""geometry"": ""native_support"", ""head"": ""actionformer"", ""heavy_context"": ""parent16"", ""probe_every"": 0, ""query_length"": 768, ""quota"": ""global_zero_allowed"", ""receiver"": ""support_attention"", ""receiver_layers"": 2, ""roi_mode"": ""none"", ""rounds"": 1, ""route"": ""B"", ""route_refresh"": ""once"", ""scout_resolution"": 112, ""scout_temporal_stride"": 1, ""scout_width"": 128, ""selector"": ""pg_only"", ""source_resolution"": 160, ""spatial_group"": 2, ""temporal_atom_tubelets"": 1, ""tia_scope"": ""source_native"", ""warmup_epochs"": 6}"
tr-2840059660a6,tr-8029fd7636a9,train,tr-2840059660a6,legacy_DUCA_0.25,DUCA,thumos14,0,b70ae056c495b43ca3f305fe438926b97b2723b5,BLOCKED,BLOCKED_IMPLEMENTATION,route='DUCA': implementation pending; selector='legacy': implementation pending; estimator='legacy': implementation pending,,,0,NOT_RUN,"{""checkpoint_indexing"": ""zero_based"", ""diagnostic_completed_epochs"": [5, 20, 40, 60], ""saved_completed_epochs"": [5, 10, 15, 20, 25, 30, 35, 40, 45, 50, 55, 60], ""version"": ""audit-repair-20260908""}",2026-09-08T09:33:48.114005+00:00,,"{""actionness_aux"": false, ""allow_global_zero"": true, ""axis"": ""T"", ""backbone"": ""videomae_b"", ""budget"": 0.25, ""budget_mode"": ""fixed"", ""coarse_variant"": ""mean_shared"", ""cost_target"": ""traced_macs"", ""detail_probe_fraction"": 0.0, ""estimator"": ""legacy"", ""evidence_slots"": 4, ""exploration"": ""default"", ""fusion_variant"": ""residual"", ""geometry"": ""native_support"", ""head"": ""actionformer"", ""heavy_context"": ""parent16"", ""probe_every"": 0, ""query_length"": 768, ""quota"": ""global_zero_allowed"", ""receiver"": ""support_attention"", ""receiver_layers"": 2, ""roi_mode"": ""none"", ""rounds"": 1, ""route"": ""DUCA"", ""route_refresh"": ""once"", ""scout_resolution"": 112, ""scout_temporal_stride"": 1, ""scout_width"": 128, ""selector"": ""legacy"", ""source_resolution"": 160, ""spatial_group"": 2, ""temporal_atom_tubelets"": 1, ""tia_scope"": ""source_native"", ""warmup_epochs"": 6}"
tr-4b6342002bdd,tr-53acaaa7f835,train,tr-4b6342002bdd,legacy_DUCA_0.25,DUCA,activitynet13,0,b70ae056c495b43ca3f305fe438926b97b2723b5,BLOCKED,BLOCKED_IMPLEMENTATION,route='DUCA': implementation pending; selector='legacy': implementation pending; estimator='legacy': implementation pending; activitynet13 dataset protocol adapter is not implemented,,,0,NOT_RUN,"{""checkpoint_indexing"": ""zero_based"", ""diagnostic_completed_epochs"": [5, 20, 40, 60], ""saved_completed_epochs"": [5, 10, 15, 20, 25, 30, 35, 40, 45, 50, 55, 60], ""version"": ""audit-repair-20260908""}",2026-09-08T09:33:48.114005+00:00,,"{""actionness_aux"": false, ""allow_global_zero"": true, ""axis"": ""T"", ""backbone"": ""videomae_b"", ""budget"": 0.25, ""budget_mode"": ""fixed"", ""coarse_variant"": ""mean_shared"", ""cost_target"": ""traced_macs"", ""detail_probe_fraction"": 0.0, ""estimator"": ""legacy"", ""evidence_slots"": 4, ""exploration"": ""default"", ""fusion_variant"": ""residual"", ""geometry"": ""native_support"", ""head"": ""actionformer"", ""heavy_context"": ""parent16"", ""probe_every"": 0, ""query_length"": 768, ""quota"": ""global_zero_allowed"", ""receiver"": ""support_attention"", ""receiver_layers"": 2, ""roi_mode"": ""none"", ""rounds"": 1, ""route"": ""DUCA"", ""route_refresh"": ""once"", ""scout_resolution"": 112, ""scout_temporal_stride"": 1, ""scout_width"": 128, ""selector"": ""legacy"", ""source_resolution"": 160, ""spatial_group"": 2, ""temporal_atom_tubelets"": 1, ""tia_scope"": ""source_native"", ""warmup_epochs"": 6}"
tr-ba9a43b90f2a,tr-3094c92c3a6d,train,tr-ba9a43b90f2a,wholeclip_uniform_0.25,B,thumos14,0,b70ae056c495b43ca3f305fe438926b97b2723b5,ACCEPTED_NOT_COMPLETION,DEFERRED_PRIORITY,,,,0,NOT_RUN,"{""checkpoint_indexing"": ""zero_based"", ""diagnostic_completed_epochs"": [5, 20, 40, 60], ""saved_completed_epochs"": [5, 10, 15, 20, 25, 30, 35, 40, 45, 50, 55, 60], ""version"": ""audit-repair-20260908""}",2026-09-08T09:33:48.114005+00:00,,"{""actionness_aux"": false, ""allow_global_zero"": true, ""axis"": ""T"", ""backbone"": ""videomae_b"", ""budget"": 0.25, ""budget_mode"": ""fixed"", ""coarse_variant"": ""mean_shared"", ""cost_target"": ""traced_macs"", ""detail_probe_fraction"": 0.0, ""estimator"": ""none"", ""evidence_slots"": 4, ""exploration"": ""default"", ""fusion_variant"": ""residual"", ""geometry"": ""native_support"", ""head"": ""actionformer"", ""heavy_context"": ""parent16"", ""probe_every"": 0, ""query_length"": 768, ""quota"": ""global_zero_allowed"", ""receiver"": ""support_attention"", ""receiver_layers"": 2, ""roi_mode"": ""none"", ""rounds"": 1, ""route"": ""B"", ""route_refresh"": ""once"", ""scout_resolution"": 112, ""scout_temporal_stride"": 1, ""scout_width"": 128, ""selector"": ""uniform"", ""source_resolution"": 160, ""spatial_group"": 2, ""temporal_atom_tubelets"": 8, ""tia_scope"": ""source_native"", ""warmup_epochs"": 6}"
tr-fd293f8af8e1,tr-1f5ff4c5bbaa,train,tr-fd293f8af8e1,wholeclip_hybrid_0.25,B,thumos14,0,b70ae056c495b43ca3f305fe438926b97b2723b5,ACCEPTED_NOT_COMPLETION,DEFERRED_PRIORITY,,,,0,NOT_RUN,"{""checkpoint_indexing"": ""zero_based"", ""diagnostic_completed_epochs"": [5, 20, 40, 60], ""saved_completed_epochs"": [5, 10, 15, 20, 25, 30, 35, 40, 45, 50, 55, 60], ""version"": ""audit-repair-20260908""}",2026-09-08T09:33:48.114005+00:00,,"{""actionness_aux"": false, ""allow_global_zero"": true, ""axis"": ""T"", ""backbone"": ""videomae_b"", ""budget"": 0.25, ""budget_mode"": ""fixed"", ""coarse_variant"": ""mean_shared"", ""cost_target"": ""traced_macs"", ""detail_probe_fraction"": 0.0, ""estimator"": ""pg_acquisition"", ""evidence_slots"": 4, ""exploration"": ""default"", ""fusion_variant"": ""residual"", ""geometry"": ""native_support"", ""head"": ""actionformer"", ""heavy_context"": ""parent16"", ""probe_every"": 32, ""query_length"": 768, ""quota"": ""global_zero_allowed"", ""receiver"": ""support_attention"", ""receiver_layers"": 2, ""roi_mode"": ""none"", ""rounds"": 1, ""route"": ""B"", ""route_refresh"": ""once"", ""scout_resolution"": 112, ""scout_temporal_stride"": 1, ""scout_width"": 128, ""selector"": ""hybrid"", ""source_resolution"": 160, ""spatial_group"": 2, ""temporal_atom_tubelets"": 8, ""tia_scope"": ""source_native"", ""warmup_epochs"": 6}"
tr-d5da620d4d75,tr-59e8d8f3ccb0,train,tr-d5da620d4d75,legacy_DUCA_0.5,DUCA,thumos14,0,b70ae056c495b43ca3f305fe438926b97b2723b5,BLOCKED,BLOCKED_IMPLEMENTATION,route='DUCA': implementation pending; selector='legacy': implementation pending; estimator='legacy': implementation pending,,,0,NOT_RUN,"{""checkpoint_indexing"": ""zero_based"", ""diagnostic_completed_epochs"": [5, 20, 40, 60], ""saved_completed_epochs"": [5, 10, 15, 20, 25, 30, 35, 40, 45, 50, 55, 60], ""version"": ""audit-repair-20260908""}",2026-09-08T09:33:48.114005+00:00,,"{""actionness_aux"": false, ""allow_global_zero"": true, ""axis"": ""T"", ""backbone"": ""videomae_b"", ""budget"": 0.5, ""budget_mode"": ""fixed"", ""coarse_variant"": ""mean_shared"", ""cost_target"": ""traced_macs"", ""detail_probe_fraction"": 0.0, ""estimator"": ""legacy"", ""evidence_slots"": 4, ""exploration"": ""default"", ""fusion_variant"": ""residual"", ""geometry"": ""native_support"", ""head"": ""actionformer"", ""heavy_context"": ""parent16"", ""probe_every"": 0, ""query_length"": 768, ""quota"": ""global_zero_allowed"", ""receiver"": ""support_attention"", ""receiver_layers"": 2, ""roi_mode"": ""none"", ""rounds"": 1, ""route"": ""DUCA"", ""route_refresh"": ""once"", ""scout_resolution"": 112, ""scout_temporal_stride"": 1, ""scout_width"": 128, ""selector"": ""legacy"", ""source_resolution"": 160, ""spatial_group"": 2, ""temporal_atom_tubelets"": 1, ""tia_scope"": ""source_native"", ""warmup_epochs"": 6}"
tr-860535fa5486,tr-5e27bdc35bfb,train,tr-860535fa5486,legacy_DUCA_0.5,DUCA,activitynet13,0,b70ae056c495b43ca3f305fe438926b97b2723b5,BLOCKED,BLOCKED_IMPLEMENTATION,route='DUCA': implementation pending; selector='legacy': implementation pending; estimator='legacy': implementation pending; activitynet13 dataset protocol adapter is not implemented,,,0,NOT_RUN,"{""checkpoint_indexing"": ""zero_based"", ""diagnostic_completed_epochs"": [5, 20, 40, 60], ""saved_completed_epochs"": [5, 10, 15, 20, 25, 30, 35, 40, 45, 50, 55, 60], ""version"": ""audit-repair-20260908""}",2026-09-08T09:33:48.114005+00:00,,"{""actionness_aux"": false, ""allow_global_zero"": true, ""axis"": ""T"", ""backbone"": ""videomae_b"", ""budget"": 0.5, ""budget_mode"": ""fixed"", ""coarse_variant"": ""mean_shared"", ""cost_target"": ""traced_macs"", ""detail_probe_fraction"": 0.0, ""estimator"": ""legacy"", ""evidence_slots"": 4, ""exploration"": ""default"", ""fusion_variant"": ""residual"", ""geometry"": ""native_support"", ""head"": ""actionformer"", ""heavy_context"": ""parent16"", ""probe_every"": 0, ""query_length"": 768, ""quota"": ""global_zero_allowed"", ""receiver"": ""support_attention"", ""receiver_layers"": 2, ""roi_mode"": ""none"", ""rounds"": 1, ""route"": ""DUCA"", ""route_refresh"": ""once"", ""scout_resolution"": 112, ""scout_temporal_stride"": 1, ""scout_width"": 128, ""selector"": ""legacy"", ""source_resolution"": 160, ""spatial_group"": 2, ""temporal_atom_tubelets"": 1, ""tia_scope"": ""source_native"", ""warmup_epochs"": 6}"
tr-b931b41ecdb2,tr-2bb36224e9fc,train,tr-b931b41ecdb2,wholeclip_uniform_0.5,B,thumos14,0,b70ae056c495b43ca3f305fe438926b97b2723b5,ACCEPTED_NOT_COMPLETION,DEFERRED_PRIORITY,,,,0,NOT_RUN,"{""checkpoint_indexing"": ""zero_based"", ""diagnostic_completed_epochs"": [5, 20, 40, 60], ""saved_completed_epochs"": [5, 10, 15, 20, 25, 30, 35, 40, 45, 50, 55, 60], ""version"": ""audit-repair-20260908""}",2026-09-08T09:33:48.114005+00:00,,"{""actionness_aux"": false, ""allow_global_zero"": true, ""axis"": ""T"", ""backbone"": ""videomae_b"", ""budget"": 0.5, ""budget_mode"": ""fixed"", ""coarse_variant"": ""mean_shared"", ""cost_target"": ""traced_macs"", ""detail_probe_fraction"": 0.0, ""estimator"": ""none"", ""evidence_slots"": 4, ""exploration"": ""default"", ""fusion_variant"": ""residual"", ""geometry"": ""native_support"", ""head"": ""actionformer"", ""heavy_context"": ""parent16"", ""probe_every"": 0, ""query_length"": 768, ""quota"": ""global_zero_allowed"", ""receiver"": ""support_attention"", ""receiver_layers"": 2, ""roi_mode"": ""none"", ""rounds"": 1, ""route"": ""B"", ""route_refresh"": ""once"", ""scout_resolution"": 112, ""scout_temporal_stride"": 1, ""scout_width"": 128, ""selector"": ""uniform"", ""source_resolution"": 160, ""spatial_group"": 2, ""temporal_atom_tubelets"": 8, ""tia_scope"": ""source_native"", ""warmup_epochs"": 6}"
tr-703bdfe5ffd3,tr-b1685c37155c,train,tr-703bdfe5ffd3,wholeclip_hybrid_0.5,B,thumos14,0,b70ae056c495b43ca3f305fe438926b97b2723b5,ACCEPTED_NOT_COMPLETION,DEFERRED_PRIORITY,,,,0,NOT_RUN,"{""checkpoint_indexing"": ""zero_based"", ""diagnostic_completed_epochs"": [5, 20, 40, 60], ""saved_completed_epochs"": [5, 10, 15, 20, 25, 30, 35, 40, 45, 50, 55, 60], ""version"": ""audit-repair-20260908""}",2026-09-08T09:33:48.114005+00:00,,"{""actionness_aux"": false, ""allow_global_zero"": true, ""axis"": ""T"", ""backbone"": ""videomae_b"", ""budget"": 0.5, ""budget_mode"": ""fixed"", ""coarse_variant"": ""mean_shared"", ""cost_target"": ""traced_macs"", ""detail_probe_fraction"": 0.0, ""estimator"": ""pg_acquisition"", ""evidence_slots"": 4, ""exploration"": ""default"", ""fusion_variant"": ""residual"", ""geometry"": ""native_support"", ""head"": ""actionformer"", ""heavy_context"": ""parent16"", ""probe_every"": 32, ""query_length"": 768, ""quota"": ""global_zero_allowed"", ""receiver"": ""support_attention"", ""receiver_layers"": 2, ""roi_mode"": ""none"", ""rounds"": 1, ""route"": ""B"", ""route_refresh"": ""once"", ""scout_resolution"": 112, ""scout_temporal_stride"": 1, ""scout_width"": 128, ""selector"": ""hybrid"", ""source_resolution"": 160, ""spatial_group"": 2, ""temporal_atom_tubelets"": 8, ""tia_scope"": ""source_native"", ""warmup_epochs"": 6}"
tr-8fde5184d2c5,tr-239c4ae522b3,train,tr-8fde5184d2c5,legacy_DUCA_0.75,DUCA,thumos14,0,b70ae056c495b43ca3f305fe438926b97b2723b5,BLOCKED,BLOCKED_IMPLEMENTATION,route='DUCA': implementation pending; selector='legacy': implementation pending; estimator='legacy': implementation pending,,,0,NOT_RUN,"{""checkpoint_indexing"": ""zero_based"", ""diagnostic_completed_epochs"": [5, 20, 40, 60], ""saved_completed_epochs"": [5, 10, 15, 20, 25, 30, 35, 40, 45, 50, 55, 60], ""version"": ""audit-repair-20260908""}",2026-09-08T09:33:48.114005+00:00,,"{""actionness_aux"": false, ""allow_global_zero"": true, ""axis"": ""T"", ""backbone"": ""videomae_b"", ""budget"": 0.75, ""budget_mode"": ""fixed"", ""coarse_variant"": ""mean_shared"", ""cost_target"": ""traced_macs"", ""detail_probe_fraction"": 0.0, ""estimator"": ""legacy"", ""evidence_slots"": 4, ""exploration"": ""default"", ""fusion_variant"": ""residual"", ""geometry"": ""native_support"", ""head"": ""actionformer"", ""heavy_context"": ""parent16"", ""probe_every"": 0, ""query_length"": 768, ""quota"": ""global_zero_allowed"", ""receiver"": ""support_attention"", ""receiver_layers"": 2, ""roi_mode"": ""none"", ""rounds"": 1, ""route"": ""DUCA"", ""route_refresh"": ""once"", ""scout_resolution"": 112, ""scout_temporal_stride"": 1, ""scout_width"": 128, ""selector"": ""legacy"", ""source_resolution"": 160, ""spatial_group"": 2, ""temporal_atom_tubelets"": 1, ""tia_scope"": ""source_native"", ""warmup_epochs"": 6}"
tr-4017d8ecb1c8,tr-ea3f14b8edc8,train,tr-4017d8ecb1c8,legacy_DUCA_0.75,DUCA,activitynet13,0,b70ae056c495b43ca3f305fe438926b97b2723b5,BLOCKED,BLOCKED_IMPLEMENTATION,route='DUCA': implementation pending; selector='legacy': implementation pending; estimator='legacy': implementation pending; activitynet13 dataset protocol adapter is not implemented,,,0,NOT_RUN,"{""checkpoint_indexing"": ""zero_based"", ""diagnostic_completed_epochs"": [5, 20, 40, 60], ""saved_completed_epochs"": [5, 10, 15, 20, 25, 30, 35, 40, 45, 50, 55, 60], ""version"": ""audit-repair-20260908""}",2026-09-08T09:33:48.114005+00:00,,"{""actionness_aux"": false, ""allow_global_zero"": true, ""axis"": ""T"", ""backbone"": ""videomae_b"", ""budget"": 0.75, ""budget_mode"": ""fixed"", ""coarse_variant"": ""mean_shared"", ""cost_target"": ""traced_macs"", ""detail_probe_fraction"": 0.0, ""estimator"": ""legacy"", ""evidence_slots"": 4, ""exploration"": ""default"", ""fusion_variant"": ""residual"", ""geometry"": ""native_support"", ""head"": ""actionformer"", ""heavy_context"": ""parent16"", ""probe_every"": 0, ""query_length"": 768, ""quota"": ""global_zero_allowed"", ""receiver"": ""support_attention"", ""receiver_layers"": 2, ""roi_mode"": ""none"", ""rounds"": 1, ""route"": ""DUCA"", ""route_refresh"": ""once"", ""scout_resolution"": 112, ""scout_temporal_stride"": 1, ""scout_width"": 128, ""selector"": ""legacy"", ""source_resolution"": 160, ""spatial_group"": 2, ""temporal_atom_tubelets"": 1, ""tia_scope"": ""source_native"", ""warmup_epochs"": 6}"
tr-165c3655c255,tr-32bf8049c8b9,train,tr-165c3655c255,wholeclip_uniform_0.75,B,thumos14,0,b70ae056c495b43ca3f305fe438926b97b2723b5,ACCEPTED_NOT_COMPLETION,DEFERRED_PRIORITY,,,,0,NOT_RUN,"{""checkpoint_indexing"": ""zero_based"", ""diagnostic_completed_epochs"": [5, 20, 40, 60], ""saved_completed_epochs"": [5, 10, 15, 20, 25, 30, 35, 40, 45, 50, 55, 60], ""version"": ""audit-repair-20260908""}",2026-09-08T09:33:48.114005+00:00,,"{""actionness_aux"": false, ""allow_global_zero"": true, ""axis"": ""T"", ""backbone"": ""videomae_b"", ""budget"": 0.75, ""budget_mode"": ""fixed"", ""coarse_variant"": ""mean_shared"", ""cost_target"": ""traced_macs"", ""detail_probe_fraction"": 0.0, ""estimator"": ""none"", ""evidence_slots"": 4, ""exploration"": ""default"", ""fusion_variant"": ""residual"", ""geometry"": ""native_support"", ""head"": ""actionformer"", ""heavy_context"": ""parent16"", ""probe_every"": 0, ""query_length"": 768, ""quota"": ""global_zero_allowed"", ""receiver"": ""support_attention"", ""receiver_layers"": 2, ""roi_mode"": ""none"", ""rounds"": 1, ""route"": ""B"", ""route_refresh"": ""once"", ""scout_resolution"": 112, ""scout_temporal_stride"": 1, ""scout_width"": 128, ""selector"": ""uniform"", ""source_resolution"": 160, ""spatial_group"": 2, ""temporal_atom_tubelets"": 8, ""tia_scope"": ""source_native"", ""warmup_epochs"": 6}"
tr-5c4c1b5f0c56,tr-300889e239f4,train,tr-5c4c1b5f0c56,wholeclip_hybrid_0.75,B,thumos14,0,b70ae056c495b43ca3f305fe438926b97b2723b5,ACCEPTED_NOT_COMPLETION,DEFERRED_PRIORITY,,,,0,NOT_RUN,"{""checkpoint_indexing"": ""zero_based"", ""diagnostic_completed_epochs"": [5, 20, 40, 60], ""saved_completed_epochs"": [5, 10, 15, 20, 25, 30, 35, 40, 45, 50, 55, 60], ""version"": ""audit-repair-20260908""}",2026-09-08T09:33:48.114005+00:00,,"{""actionness_aux"": false, ""allow_global_zero"": true, ""axis"": ""T"", ""backbone"": ""videomae_b"", ""budget"": 0.75, ""budget_mode"": ""fixed"", ""coarse_variant"": ""mean_shared"", ""cost_target"": ""traced_macs"", ""detail_probe_fraction"": 0.0, ""estimator"": ""pg_acquisition"", ""evidence_slots"": 4, ""exploration"": ""default"", ""fusion_variant"": ""residual"", ""geometry"": ""native_support"", ""head"": ""actionformer"", ""heavy_context"": ""parent16"", ""probe_every"": 32, ""query_length"": 768, ""quota"": ""global_zero_allowed"", ""receiver"": ""support_attention"", ""receiver_layers"": 2, ""roi_mode"": ""none"", ""rounds"": 1, ""route"": ""B"", ""route_refresh"": ""once"", ""scout_resolution"": 112, ""scout_temporal_stride"": 1, ""scout_width"": 128, ""selector"": ""hybrid"", ""source_resolution"": 160, ""spatial_group"": 2, ""temporal_atom_tubelets"": 8, ""tia_scope"": ""source_native"", ""warmup_epochs"": 6}"
tr-373b13f87219,tr-067daa13036b,train,tr-373b13f87219,C_uniform,C,thumos14,0,b70ae056c495b43ca3f305fe438926b97b2723b5,ACCEPTED_NOT_COMPLETION,PENDING,,A100,245164,0,PASS,"{""checkpoint_indexing"": ""zero_based"", ""diagnostic_completed_epochs"": [5, 20, 40, 60], ""saved_completed_epochs"": [5, 10, 15, 20, 25, 30, 35, 40, 45, 50, 55, 60], ""version"": ""audit-repair-20260908""}",2026-09-08T09:33:47.527536+00:00,,"{""actionness_aux"": false, ""allow_global_zero"": true, ""axis"": ""ST"", ""backbone"": ""videomae_b"", ""budget"": 0.5, ""budget_mode"": ""fixed"", ""coarse_variant"": ""mean_shared"", ""cost_target"": ""traced_macs"", ""detail_probe_fraction"": 0.0, ""estimator"": ""none"", ""evidence_slots"": 4, ""exploration"": ""default"", ""fusion_variant"": ""residual"", ""geometry"": ""native_support"", ""head"": ""actionformer"", ""heavy_context"": ""parent16"", ""probe_every"": 0, ""query_length"": 768, ""quota"": ""global_zero_allowed"", ""receiver"": ""support_attention"", ""receiver_layers"": 2, ""roi_mode"": ""none"", ""rounds"": 1, ""route"": ""C"", ""route_refresh"": ""once"", ""scout_resolution"": 112, ""scout_temporal_stride"": 1, ""scout_width"": 128, ""selector"": ""uniform"", ""source_resolution"": 160, ""spatial_group"": 2, ""temporal_atom_tubelets"": 1, ""tia_scope"": ""source_native"", ""warmup_epochs"": 6}"
tr-9c3ae936b2ee,tr-872934ec5cea,train,tr-9c3ae936b2ee,C_random,C,thumos14,0,b70ae056c495b43ca3f305fe438926b97b2723b5,ACCEPTED_NOT_COMPLETION,DEFERRED_PRIORITY,,,,0,NOT_RUN,"{""checkpoint_indexing"": ""zero_based"", ""diagnostic_completed_epochs"": [5, 20, 40, 60], ""saved_completed_epochs"": [5, 10, 15, 20, 25, 30, 35, 40, 45, 50, 55, 60], ""version"": ""audit-repair-20260908""}",2026-09-08T09:33:48.114005+00:00,,"{""actionness_aux"": false, ""allow_global_zero"": true, ""axis"": ""ST"", ""backbone"": ""videomae_b"", ""budget"": 0.5, ""budget_mode"": ""fixed"", ""coarse_variant"": ""mean_shared"", ""cost_target"": ""traced_macs"", ""detail_probe_fraction"": 0.0, ""estimator"": ""none"", ""evidence_slots"": 4, ""exploration"": ""default"", ""fusion_variant"": ""residual"", ""geometry"": ""native_support"", ""head"": ""actionformer"", ""heavy_context"": ""parent16"", ""probe_every"": 0, ""query_length"": 768, ""quota"": ""global_zero_allowed"", ""receiver"": ""support_attention"", ""receiver_layers"": 2, ""roi_mode"": ""none"", ""rounds"": 1, ""route"": ""C"", ""route_refresh"": ""once"", ""scout_resolution"": 112, ""scout_temporal_stride"": 1, ""scout_width"": 128, ""selector"": ""random"", ""source_resolution"": 160, ""spatial_group"": 2, ""temporal_atom_tubelets"": 1, ""tia_scope"": ""source_native"", ""warmup_epochs"": 6}"
tr-45e1fe8b5f13,tr-f2913a6c0fba,train,tr-45e1fe8b5f13,static_depth_4,DEPTH,thumos14,0,b70ae056c495b43ca3f305fe438926b97b2723b5,ACCEPTED_NOT_COMPLETION,DEFERRED_PRIORITY,,,,0,NOT_RUN,"{""checkpoint_indexing"": ""zero_based"", ""diagnostic_completed_epochs"": [5, 20, 40, 60], ""saved_completed_epochs"": [5, 10, 15, 20, 25, 30, 35, 40, 45, 50, 55, 60], ""version"": ""audit-repair-20260908""}",2026-09-08T09:33:48.114005+00:00,,"{""actionness_aux"": false, ""active_depth"": 4, ""allow_global_zero"": true, ""axis"": ""ST"", ""backbone"": ""videomae_b"", ""budget"": 0.5, ""budget_mode"": ""fixed"", ""coarse_variant"": ""mean_shared"", ""cost_target"": ""traced_macs"", ""detail_probe_fraction"": 0.0, ""estimator"": ""none"", ""evidence_slots"": 4, ""exploration"": ""default"", ""fusion_variant"": ""residual"", ""geometry"": ""native_support"", ""head"": ""actionformer"", ""heavy_context"": ""parent16"", ""probe_every"": 0, ""query_length"": 768, ""quota"": ""global_zero_allowed"", ""receiver"": ""support_attention"", ""receiver_layers"": 2, ""roi_mode"": ""none"", ""rounds"": 1, ""route"": ""DEPTH"", ""route_refresh"": ""once"", ""scout_resolution"": 112, ""scout_temporal_stride"": 1, ""scout_width"": 128, ""selector"": ""static"", ""source_resolution"": 160, ""spatial_group"": 2, ""temporal_atom_tubelets"": 1, ""tia_scope"": ""source_native"", ""warmup_epochs"": 6}"
tr-460020479127,tr-d552707cd9f5,train,tr-460020479127,static_depth_4,DEPTH,activitynet13,0,b70ae056c495b43ca3f305fe438926b97b2723b5,BLOCKED,BLOCKED_IMPLEMENTATION,activitynet13 dataset protocol adapter is not implemented,,,0,NOT_RUN,"{""checkpoint_indexing"": ""zero_based"", ""diagnostic_completed_epochs"": [5, 20, 40, 60], ""saved_completed_epochs"": [5, 10, 15, 20, 25, 30, 35, 40, 45, 50, 55, 60], ""version"": ""audit-repair-20260908""}",2026-09-08T09:33:48.114005+00:00,,"{""actionness_aux"": false, ""active_depth"": 4, ""allow_global_zero"": true, ""axis"": ""ST"", ""backbone"": ""videomae_b"", ""budget"": 0.5, ""budget_mode"": ""fixed"", ""coarse_variant"": ""mean_shared"", ""cost_target"": ""traced_macs"", ""detail_probe_fraction"": 0.0, ""estimator"": ""none"", ""evidence_slots"": 4, ""exploration"": ""default"", ""fusion_variant"": ""residual"", ""geometry"": ""native_support"", ""head"": ""actionformer"", ""heavy_context"": ""parent16"", ""probe_every"": 0, ""query_length"": 768, ""quota"": ""global_zero_allowed"", ""receiver"": ""support_attention"", ""receiver_layers"": 2, ""roi_mode"": ""none"", ""rounds"": 1, ""route"": ""DEPTH"", ""route_refresh"": ""once"", ""scout_resolution"": 112, ""scout_temporal_stride"": 1, ""scout_width"": 128, ""selector"": ""static"", ""source_resolution"": 160, ""spatial_group"": 2, ""temporal_atom_tubelets"": 1, ""tia_scope"": ""source_native"", ""warmup_epochs"": 6}"
tr-0460904dff72,tr-4eba2105b039,train,tr-0460904dff72,static_depth_6,DEPTH,thumos14,0,b70ae056c495b43ca3f305fe438926b97b2723b5,ACCEPTED_NOT_COMPLETION,DEFERRED_PRIORITY,,,,0,NOT_RUN,"{""checkpoint_indexing"": ""zero_based"", ""diagnostic_completed_epochs"": [5, 20, 40, 60], ""saved_completed_epochs"": [5, 10, 15, 20, 25, 30, 35, 40, 45, 50, 55, 60], ""version"": ""audit-repair-20260908""}",2026-09-08T09:33:48.114005+00:00,,"{""actionness_aux"": false, ""active_depth"": 6, ""allow_global_zero"": true, ""axis"": ""ST"", ""backbone"": ""videomae_b"", ""budget"": 0.5, ""budget_mode"": ""fixed"", ""coarse_variant"": ""mean_shared"", ""cost_target"": ""traced_macs"", ""detail_probe_fraction"": 0.0, ""estimator"": ""none"", ""evidence_slots"": 4, ""exploration"": ""default"", ""fusion_variant"": ""residual"", ""geometry"": ""native_support"", ""head"": ""actionformer"", ""heavy_context"": ""parent16"", ""probe_every"": 0, ""query_length"": 768, ""quota"": ""global_zero_allowed"", ""receiver"": ""support_attention"", ""receiver_layers"": 2, ""roi_mode"": ""none"", ""rounds"": 1, ""route"": ""DEPTH"", ""route_refresh"": ""once"", ""scout_resolution"": 112, ""scout_temporal_stride"": 1, ""scout_width"": 128, ""selector"": ""static"", ""source_resolution"": 160, ""spatial_group"": 2, ""temporal_atom_tubelets"": 1, ""tia_scope"": ""source_native"", ""warmup_epochs"": 6}"
tr-4a373a0d0269,tr-127c20e9e3f3,train,tr-4a373a0d0269,static_depth_6,DEPTH,activitynet13,0,b70ae056c495b43ca3f305fe438926b97b2723b5,BLOCKED,BLOCKED_IMPLEMENTATION,activitynet13 dataset protocol adapter is not implemented,,,0,NOT_RUN,"{""checkpoint_indexing"": ""zero_based"", ""diagnostic_completed_epochs"": [5, 20, 40, 60], ""saved_completed_epochs"": [5, 10, 15, 20, 25, 30, 35, 40, 45, 50, 55, 60], ""version"": ""audit-repair-20260908""}",2026-09-08T09:33:48.114005+00:00,,"{""actionness_aux"": false, ""active_depth"": 6, ""allow_global_zero"": true, ""axis"": ""ST"", ""backbone"": ""videomae_b"", ""budget"": 0.5, ""budget_mode"": ""fixed"", ""coarse_variant"": ""mean_shared"", ""cost_target"": ""traced_macs"", ""detail_probe_fraction"": 0.0, ""estimator"": ""none"", ""evidence_slots"": 4, ""exploration"": ""default"", ""fusion_variant"": ""residual"", ""geometry"": ""native_support"", ""head"": ""actionformer"", ""heavy_context"": ""parent16"", ""probe_every"": 0, ""query_length"": 768, ""quota"": ""global_zero_allowed"", ""receiver"": ""support_attention"", ""receiver_layers"": 2, ""roi_mode"": ""none"", ""rounds"": 1, ""route"": ""DEPTH"", ""route_refresh"": ""once"", ""scout_resolution"": 112, ""scout_temporal_stride"": 1, ""scout_width"": 128, ""selector"": ""static"", ""source_resolution"": 160, ""spatial_group"": 2, ""temporal_atom_tubelets"": 1, ""tia_scope"": ""source_native"", ""warmup_epochs"": 6}"
tr-3e6bbffc7e9f,tr-e2cafffbce5f,train,tr-3e6bbffc7e9f,static_depth_8,DEPTH,thumos14,0,b70ae056c495b43ca3f305fe438926b97b2723b5,ACCEPTED_NOT_COMPLETION,DEFERRED_PRIORITY,,,,0,NOT_RUN,"{""checkpoint_indexing"": ""zero_based"", ""diagnostic_completed_epochs"": [5, 20, 40, 60], ""saved_completed_epochs"": [5, 10, 15, 20, 25, 30, 35, 40, 45, 50, 55, 60], ""version"": ""audit-repair-20260908""}",2026-09-08T09:33:48.114005+00:00,,"{""actionness_aux"": false, ""active_depth"": 8, ""allow_global_zero"": true, ""axis"": ""ST"", ""backbone"": ""videomae_b"", ""budget"": 0.5, ""budget_mode"": ""fixed"", ""coarse_variant"": ""mean_shared"", ""cost_target"": ""traced_macs"", ""detail_probe_fraction"": 0.0, ""estimator"": ""none"", ""evidence_slots"": 4, ""exploration"": ""default"", ""fusion_variant"": ""residual"", ""geometry"": ""native_support"", ""head"": ""actionformer"", ""heavy_context"": ""parent16"", ""probe_every"": 0, ""query_length"": 768, ""quota"": ""global_zero_allowed"", ""receiver"": ""support_attention"", ""receiver_layers"": 2, ""roi_mode"": ""none"", ""rounds"": 1, ""route"": ""DEPTH"", ""route_refresh"": ""once"", ""scout_resolution"": 112, ""scout_temporal_stride"": 1, ""scout_width"": 128, ""selector"": ""static"", ""source_resolution"": 160, ""spatial_group"": 2, ""temporal_atom_tubelets"": 1, ""tia_scope"": ""source_native"", ""warmup_epochs"": 6}"
tr-c6a5aac2cdff,tr-04810097ea1e,train,tr-c6a5aac2cdff,static_depth_8,DEPTH,activitynet13,0,b70ae056c495b43ca3f305fe438926b97b2723b5,BLOCKED,BLOCKED_IMPLEMENTATION,activitynet13 dataset protocol adapter is not implemented,,,0,NOT_RUN,"{""checkpoint_indexing"": ""zero_based"", ""diagnostic_completed_epochs"": [5, 20, 40, 60], ""saved_completed_epochs"": [5, 10, 15, 20, 25, 30, 35, 40, 45, 50, 55, 60], ""version"": ""audit-repair-20260908""}",2026-09-08T09:33:48.114005+00:00,,"{""actionness_aux"": false, ""active_depth"": 8, ""allow_global_zero"": true, ""axis"": ""ST"", ""backbone"": ""videomae_b"", ""budget"": 0.5, ""budget_mode"": ""fixed"", ""coarse_variant"": ""mean_shared"", ""cost_target"": ""traced_macs"", ""detail_probe_fraction"": 0.0, ""estimator"": ""none"", ""evidence_slots"": 4, ""exploration"": ""default"", ""fusion_variant"": ""residual"", ""geometry"": ""native_support"", ""head"": ""actionformer"", ""heavy_context"": ""parent16"", ""probe_every"": 0, ""query_length"": 768, ""quota"": ""global_zero_allowed"", ""receiver"": ""support_attention"", ""receiver_layers"": 2, ""roi_mode"": ""none"", ""rounds"": 1, ""route"": ""DEPTH"", ""route_refresh"": ""once"", ""scout_resolution"": 112, ""scout_temporal_stride"": 1, ""scout_width"": 128, ""selector"": ""static"", ""source_resolution"": 160, ""spatial_group"": 2, ""temporal_atom_tubelets"": 1, ""tia_scope"": ""source_native"", ""warmup_epochs"": 6}"
tr-7f0cb928c371,tr-cca67ca4737f,train,tr-7f0cb928c371,static_depth_10,DEPTH,thumos14,0,b70ae056c495b43ca3f305fe438926b97b2723b5,ACCEPTED_NOT_COMPLETION,DEFERRED_PRIORITY,,,,0,NOT_RUN,"{""checkpoint_indexing"": ""zero_based"", ""diagnostic_completed_epochs"": [5, 20, 40, 60], ""saved_completed_epochs"": [5, 10, 15, 20, 25, 30, 35, 40, 45, 50, 55, 60], ""version"": ""audit-repair-20260908""}",2026-09-08T09:33:48.114005+00:00,,"{""actionness_aux"": false, ""active_depth"": 10, ""allow_global_zero"": true, ""axis"": ""ST"", ""backbone"": ""videomae_b"", ""budget"": 0.5, ""budget_mode"": ""fixed"", ""coarse_variant"": ""mean_shared"", ""cost_target"": ""traced_macs"", ""detail_probe_fraction"": 0.0, ""estimator"": ""none"", ""evidence_slots"": 4, ""exploration"": ""default"", ""fusion_variant"": ""residual"", ""geometry"": ""native_support"", ""head"": ""actionformer"", ""heavy_context"": ""parent16"", ""probe_every"": 0, ""query_length"": 768, ""quota"": ""global_zero_allowed"", ""receiver"": ""support_attention"", ""receiver_layers"": 2, ""roi_mode"": ""none"", ""rounds"": 1, ""route"": ""DEPTH"", ""route_refresh"": ""once"", ""scout_resolution"": 112, ""scout_temporal_stride"": 1, ""scout_width"": 128, ""selector"": ""static"", ""source_resolution"": 160, ""spatial_group"": 2, ""temporal_atom_tubelets"": 1, ""tia_scope"": ""source_native"", ""warmup_epochs"": 6}"
tr-f3d0ff606eab,tr-bc6a528461a8,train,tr-f3d0ff606eab,static_depth_10,DEPTH,activitynet13,0,b70ae056c495b43ca3f305fe438926b97b2723b5,BLOCKED,BLOCKED_IMPLEMENTATION,activitynet13 dataset protocol adapter is not implemented,,,0,NOT_RUN,"{""checkpoint_indexing"": ""zero_based"", ""diagnostic_completed_epochs"": [5, 20, 40, 60], ""saved_completed_epochs"": [5, 10, 15, 20, 25, 30, 35, 40, 45, 50, 55, 60], ""version"": ""audit-repair-20260908""}",2026-09-08T09:33:48.114005+00:00,,"{""actionness_aux"": false, ""active_depth"": 10, ""allow_global_zero"": true, ""axis"": ""ST"", ""backbone"": ""videomae_b"", ""budget"": 0.5, ""budget_mode"": ""fixed"", ""coarse_variant"": ""mean_shared"", ""cost_target"": ""traced_macs"", ""detail_probe_fraction"": 0.0, ""estimator"": ""none"", ""evidence_slots"": 4, ""exploration"": ""default"", ""fusion_variant"": ""residual"", ""geometry"": ""native_support"", ""head"": ""actionformer"", ""heavy_context"": ""parent16"", ""probe_every"": 0, ""query_length"": 768, ""quota"": ""global_zero_allowed"", ""receiver"": ""support_attention"", ""receiver_layers"": 2, ""roi_mode"": ""none"", ""rounds"": 1, ""route"": ""DEPTH"", ""route_refresh"": ""once"", ""scout_resolution"": 112, ""scout_temporal_stride"": 1, ""scout_width"": 128, ""selector"": ""static"", ""source_resolution"": 160, ""spatial_group"": 2, ""temporal_atom_tubelets"": 1, ""tia_scope"": ""source_native"", ""warmup_epochs"": 6}"
tr-8e4c3afccac5,tr-41db2380fdb0,train,tr-8e4c3afccac5,pbd_inspired_tf,DEPTH,thumos14,0,b70ae056c495b43ca3f305fe438926b97b2723b5,BLOCKED,BLOCKED_IMPLEMENTATION,selector='pbd_inspired_tf': implementation pending; estimator='current_model_ablation': implementation pending; active_depth: registered extension pending,,,0,NOT_RUN,"{""checkpoint_indexing"": ""zero_based"", ""diagnostic_completed_epochs"": [5, 20, 40, 60], ""saved_completed_epochs"": [5, 10, 15, 20, 25, 30, 35, 40, 45, 50, 55, 60], ""version"": ""audit-repair-20260908""}",2026-09-08T09:33:48.114005+00:00,,"{""actionness_aux"": false, ""active_depth"": 8, ""allow_global_zero"": true, ""axis"": ""ST"", ""backbone"": ""videomae_b"", ""budget"": 0.5, ""budget_mode"": ""fixed"", ""coarse_variant"": ""mean_shared"", ""cost_target"": ""traced_macs"", ""detail_probe_fraction"": 0.0, ""estimator"": ""current_model_ablation"", ""evidence_slots"": 4, ""exploration"": ""default"", ""fusion_variant"": ""residual"", ""geometry"": ""native_support"", ""head"": ""actionformer"", ""heavy_context"": ""parent16"", ""probe_every"": 0, ""query_length"": 768, ""quota"": ""global_zero_allowed"", ""receiver"": ""support_attention"", ""receiver_layers"": 2, ""roi_mode"": ""none"", ""rounds"": 1, ""route"": ""DEPTH"", ""route_refresh"": ""once"", ""scout_resolution"": 112, ""scout_temporal_stride"": 1, ""scout_width"": 128, ""selector"": ""pbd_inspired_tf"", ""source_resolution"": 160, ""spatial_group"": 2, ""temporal_atom_tubelets"": 1, ""tia_scope"": ""source_native"", ""warmup_epochs"": 6}"
tr-ceccc824dda0,tr-841f2613a5db,train,tr-ceccc824dda0,pbd_inspired_tf,DEPTH,activitynet13,0,b70ae056c495b43ca3f305fe438926b97b2723b5,BLOCKED,BLOCKED_IMPLEMENTATION,selector='pbd_inspired_tf': implementation pending; estimator='current_model_ablation': implementation pending; active_depth: registered extension pending; activitynet13 dataset protocol adapter is not implemented,,,0,NOT_RUN,"{""checkpoint_indexing"": ""zero_based"", ""diagnostic_completed_epochs"": [5, 20, 40, 60], ""saved_completed_epochs"": [5, 10, 15, 20, 25, 30, 35, 40, 45, 50, 55, 60], ""version"": ""audit-repair-20260908""}",2026-09-08T09:33:48.114005+00:00,,"{""actionness_aux"": false, ""active_depth"": 8, ""allow_global_zero"": true, ""axis"": ""ST"", ""backbone"": ""videomae_b"", ""budget"": 0.5, ""budget_mode"": ""fixed"", ""coarse_variant"": ""mean_shared"", ""cost_target"": ""traced_macs"", ""detail_probe_fraction"": 0.0, ""estimator"": ""current_model_ablation"", ""evidence_slots"": 4, ""exploration"": ""default"", ""fusion_variant"": ""residual"", ""geometry"": ""native_support"", ""head"": ""actionformer"", ""heavy_context"": ""parent16"", ""probe_every"": 0, ""query_length"": 768, ""quota"": ""global_zero_allowed"", ""receiver"": ""support_attention"", ""receiver_layers"": 2, ""roi_mode"": ""none"", ""rounds"": 1, ""route"": ""DEPTH"", ""route_refresh"": ""once"", ""scout_resolution"": 112, ""scout_temporal_stride"": 1, ""scout_width"": 128, ""selector"": ""pbd_inspired_tf"", ""source_resolution"": 160, ""spatial_group"": 2, ""temporal_atom_tubelets"": 1, ""tia_scope"": ""source_native"", ""warmup_epochs"": 6}"
tr-75e50eb6ae5f,tr-6e39e019b9d0,train,tr-75e50eb6ae5f,BCR_prefix0,BCR,thumos14,0,b70ae056c495b43ca3f305fe438926b97b2723b5,ACCEPTED_NOT_COMPLETION,DEFERRED_PRIORITY,,,,0,NOT_RUN,"{""checkpoint_indexing"": ""zero_based"", ""diagnostic_completed_epochs"": [5, 20, 40, 60], ""saved_completed_epochs"": [5, 10, 15, 20, 25, 30, 35, 40, 45, 50, 55, 60], ""version"": ""audit-repair-20260908""}",2026-09-08T09:33:48.114005+00:00,,"{""actionness_aux"": false, ""allow_global_zero"": true, ""axis"": ""T"", ""backbone"": ""videomae_b"", ""budget"": 0.5, ""budget_mode"": ""fixed"", ""coarse_variant"": ""mean_shared"", ""cost_target"": ""traced_macs"", ""detail_probe_fraction"": 0.0, ""estimator"": ""pg_acquisition"", ""evidence_slots"": 4, ""exploration"": ""default"", ""fusion_variant"": ""residual"", ""geometry"": ""native_support"", ""head"": ""actionformer"", ""heavy_context"": ""parent16"", ""prefix_depth"": 0, ""probe_every"": 32, ""query_length"": 768, ""quota"": ""global_zero_allowed"", ""receiver"": ""support_attention"", ""receiver_layers"": 2, ""roi_mode"": ""none"", ""rounds"": 1, ""route"": ""BCR"", ""route_refresh"": ""once"", ""scout_resolution"": 112, ""scout_temporal_stride"": 1, ""scout_width"": 128, ""selector"": ""hybrid"", ""source_resolution"": 160, ""spatial_group"": 2, ""temporal_atom_tubelets"": 1, ""tia_scope"": ""source_native"", ""warmup_epochs"": 6}"
tr-5fa0201ab5af,tr-5f1105bb8d31,train,tr-5fa0201ab5af,BCR_prefix2,BCR,thumos14,0,b70ae056c495b43ca3f305fe438926b97b2723b5,ACCEPTED_NOT_COMPLETION,DEFERRED_PRIORITY,,,,0,NOT_RUN,"{""checkpoint_indexing"": ""zero_based"", ""diagnostic_completed_epochs"": [5, 20, 40, 60], ""saved_completed_epochs"": [5, 10, 15, 20, 25, 30, 35, 40, 45, 50, 55, 60], ""version"": ""audit-repair-20260908""}",2026-09-08T09:33:48.114005+00:00,,"{""actionness_aux"": false, ""allow_global_zero"": true, ""axis"": ""T"", ""backbone"": ""videomae_b"", ""budget"": 0.5, ""budget_mode"": ""fixed"", ""coarse_variant"": ""mean_shared"", ""cost_target"": ""traced_macs"", ""detail_probe_fraction"": 0.0, ""estimator"": ""pg_acquisition"", ""evidence_slots"": 4, ""exploration"": ""default"", ""fusion_variant"": ""residual"", ""geometry"": ""native_support"", ""head"": ""actionformer"", ""heavy_context"": ""parent16"", ""prefix_depth"": 2, ""probe_every"": 32, ""query_length"": 768, ""quota"": ""global_zero_allowed"", ""receiver"": ""support_attention"", ""receiver_layers"": 2, ""roi_mode"": ""none"", ""rounds"": 1, ""route"": ""BCR"", ""route_refresh"": ""once"", ""scout_resolution"": 112, ""scout_temporal_stride"": 1, ""scout_width"": 128, ""selector"": ""hybrid"", ""source_resolution"": 160, ""spatial_group"": 2, ""temporal_atom_tubelets"": 1, ""tia_scope"": ""source_native"", ""warmup_epochs"": 6}"
tr-78e39cb3e744,tr-8b11cb94d570,train,tr-78e39cb3e744,BCR_prefix4,BCR,thumos14,0,b70ae056c495b43ca3f305fe438926b97b2723b5,ACCEPTED_NOT_COMPLETION,DEFERRED_PRIORITY,,,,0,NOT_RUN,"{""checkpoint_indexing"": ""zero_based"", ""diagnostic_completed_epochs"": [5, 20, 40, 60], ""saved_completed_epochs"": [5, 10, 15, 20, 25, 30, 35, 40, 45, 50, 55, 60], ""version"": ""audit-repair-20260908""}",2026-09-08T09:33:48.114005+00:00,,"{""actionness_aux"": false, ""allow_global_zero"": true, ""axis"": ""T"", ""backbone"": ""videomae_b"", ""budget"": 0.5, ""budget_mode"": ""fixed"", ""coarse_variant"": ""mean_shared"", ""cost_target"": ""traced_macs"", ""detail_probe_fraction"": 0.0, ""estimator"": ""pg_acquisition"", ""evidence_slots"": 4, ""exploration"": ""default"", ""fusion_variant"": ""residual"", ""geometry"": ""native_support"", ""head"": ""actionformer"", ""heavy_context"": ""parent16"", ""prefix_depth"": 4, ""probe_every"": 32, ""query_length"": 768, ""quota"": ""global_zero_allowed"", ""receiver"": ""support_attention"", ""receiver_layers"": 2, ""roi_mode"": ""none"", ""rounds"": 1, ""route"": ""BCR"", ""route_refresh"": ""once"", ""scout_resolution"": 112, ""scout_temporal_stride"": 1, ""scout_width"": 128, ""selector"": ""hybrid"", ""source_resolution"": 160, ""spatial_group"": 2, ""temporal_atom_tubelets"": 1, ""tia_scope"": ""source_native"", ""warmup_epochs"": 6}"
tr-1be612248576,tr-ef2e3fdb32ae,train,tr-1be612248576,A_atom2,A,thumos14,0,b70ae056c495b43ca3f305fe438926b97b2723b5,ACCEPTED_NOT_COMPLETION,DEFERRED_PRIORITY,,,,0,NOT_RUN,"{""checkpoint_indexing"": ""zero_based"", ""diagnostic_completed_epochs"": [5, 20, 40, 60], ""saved_completed_epochs"": [5, 10, 15, 20, 25, 30, 35, 40, 45, 50, 55, 60], ""version"": ""audit-repair-20260908""}",2026-09-08T09:33:48.114005+00:00,,"{""actionness_aux"": false, ""allow_global_zero"": true, ""axis"": ""T"", ""backbone"": ""videomae_b"", ""budget"": 0.5, ""budget_mode"": ""fixed"", ""coarse_variant"": ""mean_shared"", ""cost_target"": ""traced_macs"", ""detail_probe_fraction"": 0.0, ""estimator"": ""pg_acquisition"", ""evidence_slots"": 4, ""exploration"": ""default"", ""fusion_variant"": ""residual"", ""geometry"": ""native_support"", ""head"": ""actionformer"", ""heavy_context"": ""parent16"", ""probe_every"": 32, ""query_length"": 768, ""quota"": ""global_zero_allowed"", ""receiver"": ""support_attention"", ""receiver_layers"": 2, ""roi_mode"": ""none"", ""rounds"": 1, ""route"": ""A"", ""route_refresh"": ""once"", ""scout_resolution"": 112, ""scout_temporal_stride"": 1, ""scout_width"": 128, ""selector"": ""hybrid"", ""source_resolution"": 160, ""spatial_group"": 2, ""temporal_atom_tubelets"": 2, ""tia_scope"": ""source_native"", ""warmup_epochs"": 6}"
tr-cb0b74ebb5a6,tr-0c92ffd5dcca,train,tr-cb0b74ebb5a6,A_atom4,A,thumos14,0,b70ae056c495b43ca3f305fe438926b97b2723b5,ACCEPTED_NOT_COMPLETION,DEFERRED_PRIORITY,,,,0,NOT_RUN,"{""checkpoint_indexing"": ""zero_based"", ""diagnostic_completed_epochs"": [5, 20, 40, 60], ""saved_completed_epochs"": [5, 10, 15, 20, 25, 30, 35, 40, 45, 50, 55, 60], ""version"": ""audit-repair-20260908""}",2026-09-08T09:33:48.114005+00:00,,"{""actionness_aux"": false, ""allow_global_zero"": true, ""axis"": ""T"", ""backbone"": ""videomae_b"", ""budget"": 0.5, ""budget_mode"": ""fixed"", ""coarse_variant"": ""mean_shared"", ""cost_target"": ""traced_macs"", ""detail_probe_fraction"": 0.0, ""estimator"": ""pg_acquisition"", ""evidence_slots"": 4, ""exploration"": ""default"", ""fusion_variant"": ""residual"", ""geometry"": ""native_support"", ""head"": ""actionformer"", ""heavy_context"": ""parent16"", ""probe_every"": 32, ""query_length"": 768, ""quota"": ""global_zero_allowed"", ""receiver"": ""support_attention"", ""receiver_layers"": 2, ""roi_mode"": ""none"", ""rounds"": 1, ""route"": ""A"", ""route_refresh"": ""once"", ""scout_resolution"": 112, ""scout_temporal_stride"": 1, ""scout_width"": 128, ""selector"": ""hybrid"", ""source_resolution"": 160, ""spatial_group"": 2, ""temporal_atom_tubelets"": 4, ""tia_scope"": ""source_native"", ""warmup_epochs"": 6}"
tr-90ae3ce40bbd,tr-21faaf9316dc,train,tr-90ae3ce40bbd,A_atom8,A,thumos14,0,b70ae056c495b43ca3f305fe438926b97b2723b5,ACCEPTED_NOT_COMPLETION,DEFERRED_PRIORITY,,,,0,NOT_RUN,"{""checkpoint_indexing"": ""zero_based"", ""diagnostic_completed_epochs"": [5, 20, 40, 60], ""saved_completed_epochs"": [5, 10, 15, 20, 25, 30, 35, 40, 45, 50, 55, 60], ""version"": ""audit-repair-20260908""}",2026-09-08T09:33:48.114005+00:00,,"{""actionness_aux"": false, ""allow_global_zero"": true, ""axis"": ""T"", ""backbone"": ""videomae_b"", ""budget"": 0.5, ""budget_mode"": ""fixed"", ""coarse_variant"": ""mean_shared"", ""cost_target"": ""traced_macs"", ""detail_probe_fraction"": 0.0, ""estimator"": ""pg_acquisition"", ""evidence_slots"": 4, ""exploration"": ""default"", ""fusion_variant"": ""residual"", ""geometry"": ""native_support"", ""head"": ""actionformer"", ""heavy_context"": ""parent16"", ""probe_every"": 32, ""query_length"": 768, ""quota"": ""global_zero_allowed"", ""receiver"": ""support_attention"", ""receiver_layers"": 2, ""roi_mode"": ""none"", ""rounds"": 1, ""route"": ""A"", ""route_refresh"": ""once"", ""scout_resolution"": 112, ""scout_temporal_stride"": 1, ""scout_width"": 128, ""selector"": ""hybrid"", ""source_resolution"": 160, ""spatial_group"": 2, ""temporal_atom_tubelets"": 8, ""tia_scope"": ""source_native"", ""warmup_epochs"": 6}"
tr-931677ebee1d,tr-1c31a90a1056,train,tr-931677ebee1d,B_atom2,B,thumos14,0,b70ae056c495b43ca3f305fe438926b97b2723b5,ACCEPTED_NOT_COMPLETION,DEFERRED_PRIORITY,,,,0,NOT_RUN,"{""checkpoint_indexing"": ""zero_based"", ""diagnostic_completed_epochs"": [5, 20, 40, 60], ""saved_completed_epochs"": [5, 10, 15, 20, 25, 30, 35, 40, 45, 50, 55, 60], ""version"": ""audit-repair-20260908""}",2026-09-08T09:33:48.114005+00:00,,"{""actionness_aux"": false, ""allow_global_zero"": true, ""axis"": ""T"", ""backbone"": ""videomae_b"", ""budget"": 0.5, ""budget_mode"": ""fixed"", ""coarse_variant"": ""mean_shared"", ""cost_target"": ""traced_macs"", ""detail_probe_fraction"": 0.0, ""estimator"": ""pg_acquisition"", ""evidence_slots"": 4, ""exploration"": ""default"", ""fusion_variant"": ""residual"", ""geometry"": ""native_support"", ""head"": ""actionformer"", ""heavy_context"": ""parent16"", ""probe_every"": 32, ""query_length"": 768, ""quota"": ""global_zero_allowed"", ""receiver"": ""support_attention"", ""receiver_layers"": 2, ""roi_mode"": ""none"", ""rounds"": 1, ""route"": ""B"", ""route_refresh"": ""once"", ""scout_resolution"": 112, ""scout_temporal_stride"": 1, ""scout_width"": 128, ""selector"": ""hybrid"", ""source_resolution"": 160, ""spatial_group"": 2, ""temporal_atom_tubelets"": 2, ""tia_scope"": ""source_native"", ""warmup_epochs"": 6}"
tr-f3d84bf6ec75,tr-fa8e7f4508cb,train,tr-f3d84bf6ec75,B_atom4,B,thumos14,0,b70ae056c495b43ca3f305fe438926b97b2723b5,ACCEPTED_NOT_COMPLETION,DEFERRED_PRIORITY,,,,0,NOT_RUN,"{""checkpoint_indexing"": ""zero_based"", ""diagnostic_completed_epochs"": [5, 20, 40, 60], ""saved_completed_epochs"": [5, 10, 15, 20, 25, 30, 35, 40, 45, 50, 55, 60], ""version"": ""audit-repair-20260908""}",2026-09-08T09:33:48.114005+00:00,,"{""actionness_aux"": false, ""allow_global_zero"": true, ""axis"": ""T"", ""backbone"": ""videomae_b"", ""budget"": 0.5, ""budget_mode"": ""fixed"", ""coarse_variant"": ""mean_shared"", ""cost_target"": ""traced_macs"", ""detail_probe_fraction"": 0.0, ""estimator"": ""pg_acquisition"", ""evidence_slots"": 4, ""exploration"": ""default"", ""fusion_variant"": ""residual"", ""geometry"": ""native_support"", ""head"": ""actionformer"", ""heavy_context"": ""parent16"", ""probe_every"": 32, ""query_length"": 768, ""quota"": ""global_zero_allowed"", ""receiver"": ""support_attention"", ""receiver_layers"": 2, ""roi_mode"": ""none"", ""rounds"": 1, ""route"": ""B"", ""route_refresh"": ""once"", ""scout_resolution"": 112, ""scout_temporal_stride"": 1, ""scout_width"": 128, ""selector"": ""hybrid"", ""source_resolution"": 160, ""spatial_group"": 2, ""temporal_atom_tubelets"": 4, ""tia_scope"": ""source_native"", ""warmup_epochs"": 6}"
tr-12aa8b225a93,tr-2db759758b8e,train,tr-12aa8b225a93,A_spatialgroup1,A,thumos14,0,b70ae056c495b43ca3f305fe438926b97b2723b5,ACCEPTED_NOT_COMPLETION,DEFERRED_PRIORITY,,,,0,NOT_RUN,"{""checkpoint_indexing"": ""zero_based"", ""diagnostic_completed_epochs"": [5, 20, 40, 60], ""saved_completed_epochs"": [5, 10, 15, 20, 25, 30, 35, 40, 45, 50, 55, 60], ""version"": ""audit-repair-20260908""}",2026-09-08T09:33:48.114005+00:00,,"{""actionness_aux"": false, ""allow_global_zero"": true, ""axis"": ""ST"", ""backbone"": ""videomae_b"", ""budget"": 0.5, ""budget_mode"": ""fixed"", ""coarse_variant"": ""mean_shared"", ""cost_target"": ""traced_macs"", ""detail_probe_fraction"": 0.0, ""estimator"": ""pg_acquisition"", ""evidence_slots"": 4, ""exploration"": ""default"", ""fusion_variant"": ""residual"", ""geometry"": ""native_support"", ""head"": ""actionformer"", ""heavy_context"": ""parent16"", ""probe_every"": 32, ""query_length"": 768, ""quota"": ""global_zero_allowed"", ""receiver"": ""support_attention"", ""receiver_layers"": 2, ""roi_mode"": ""none"", ""rounds"": 1, ""route"": ""A"", ""route_refresh"": ""once"", ""scout_resolution"": 112, ""scout_temporal_stride"": 1, ""scout_width"": 128, ""selector"": ""hybrid"", ""source_resolution"": 160, ""spatial_group"": 1, ""temporal_atom_tubelets"": 1, ""tia_scope"": ""source_native"", ""warmup_epochs"": 6}"
tr-ba37785959d3,tr-a96edc439b2f,train,tr-ba37785959d3,A_spatialgroup7,A,thumos14,0,b70ae056c495b43ca3f305fe438926b97b2723b5,BLOCKED,BLOCKED_IMPLEMENTATION,spatial_group must divide the actual source-resolution patch grid,,,0,NOT_RUN,"{""checkpoint_indexing"": ""zero_based"", ""diagnostic_completed_epochs"": [5, 20, 40, 60], ""saved_completed_epochs"": [5, 10, 15, 20, 25, 30, 35, 40, 45, 50, 55, 60], ""version"": ""audit-repair-20260908""}",2026-09-08T09:33:48.114005+00:00,,"{""actionness_aux"": false, ""allow_global_zero"": true, ""axis"": ""ST"", ""backbone"": ""videomae_b"", ""budget"": 0.5, ""budget_mode"": ""fixed"", ""coarse_variant"": ""mean_shared"", ""cost_target"": ""traced_macs"", ""detail_probe_fraction"": 0.0, ""estimator"": ""pg_acquisition"", ""evidence_slots"": 4, ""exploration"": ""default"", ""fusion_variant"": ""residual"", ""geometry"": ""native_support"", ""head"": ""actionformer"", ""heavy_context"": ""parent16"", ""probe_every"": 32, ""query_length"": 768, ""quota"": ""global_zero_allowed"", ""receiver"": ""support_attention"", ""receiver_layers"": 2, ""roi_mode"": ""none"", ""rounds"": 1, ""route"": ""A"", ""route_refresh"": ""once"", ""scout_resolution"": 112, ""scout_temporal_stride"": 1, ""scout_width"": 128, ""selector"": ""hybrid"", ""source_resolution"": 160, ""spatial_group"": 7, ""temporal_atom_tubelets"": 1, ""tia_scope"": ""source_native"", ""warmup_epochs"": 6}"
tr-c1786e9c3e8e,tr-b359acaa08c3,train,tr-c1786e9c3e8e,B_rank_interp,B,thumos14,0,b70ae056c495b43ca3f305fe438926b97b2723b5,ACCEPTED_NOT_COMPLETION,DEFERRED_PRIORITY,,,,0,NOT_RUN,"{""checkpoint_indexing"": ""zero_based"", ""diagnostic_completed_epochs"": [5, 20, 40, 60], ""saved_completed_epochs"": [5, 10, 15, 20, 25, 30, 35, 40, 45, 50, 55, 60], ""version"": ""audit-repair-20260908""}",2026-09-08T09:33:48.114005+00:00,,"{""actionness_aux"": false, ""allow_global_zero"": true, ""axis"": ""ST"", ""backbone"": ""videomae_b"", ""budget"": 0.5, ""budget_mode"": ""fixed"", ""coarse_variant"": ""mean_shared"", ""cost_target"": ""traced_macs"", ""detail_probe_fraction"": 0.0, ""estimator"": ""pg_acquisition"", ""evidence_slots"": 4, ""exploration"": ""default"", ""fusion_variant"": ""residual"", ""geometry"": ""native_support"", ""head"": ""actionformer"", ""heavy_context"": ""parent16"", ""probe_every"": 32, ""query_length"": 768, ""quota"": ""global_zero_allowed"", ""receiver"": ""rank_interp"", ""receiver_layers"": 2, ""roi_mode"": ""none"", ""rounds"": 1, ""route"": ""B"", ""route_refresh"": ""once"", ""scout_resolution"": 112, ""scout_temporal_stride"": 1, ""scout_width"": 128, ""selector"": ""hybrid"", ""source_resolution"": 160, ""spatial_group"": 2, ""temporal_atom_tubelets"": 1, ""tia_scope"": ""source_native"", ""warmup_epochs"": 6}"
tr-cfa4ab62b5d3,tr-7f5b2737d0bb,train,tr-cfa4ab62b5d3,B_physical_interp,B,thumos14,0,b70ae056c495b43ca3f305fe438926b97b2723b5,ACCEPTED_NOT_COMPLETION,DEFERRED_PRIORITY,,,,0,NOT_RUN,"{""checkpoint_indexing"": ""zero_based"", ""diagnostic_completed_epochs"": [5, 20, 40, 60], ""saved_completed_epochs"": [5, 10, 15, 20, 25, 30, 35, 40, 45, 50, 55, 60], ""version"": ""audit-repair-20260908""}",2026-09-08T09:33:48.114005+00:00,,"{""actionness_aux"": false, ""allow_global_zero"": true, ""axis"": ""ST"", ""backbone"": ""videomae_b"", ""budget"": 0.5, ""budget_mode"": ""fixed"", ""coarse_variant"": ""mean_shared"", ""cost_target"": ""traced_macs"", ""detail_probe_fraction"": 0.0, ""estimator"": ""pg_acquisition"", ""evidence_slots"": 4, ""exploration"": ""default"", ""fusion_variant"": ""residual"", ""geometry"": ""native_support"", ""head"": ""actionformer"", ""heavy_context"": ""parent16"", ""probe_every"": 32, ""query_length"": 768, ""quota"": ""global_zero_allowed"", ""receiver"": ""physical_interp"", ""receiver_layers"": 2, ""roi_mode"": ""none"", ""rounds"": 1, ""route"": ""B"", ""route_refresh"": ""once"", ""scout_resolution"": 112, ""scout_temporal_stride"": 1, ""scout_width"": 128, ""selector"": ""hybrid"", ""source_resolution"": 160, ""spatial_group"": 2, ""temporal_atom_tubelets"": 1, ""tia_scope"": ""source_native"", ""warmup_epochs"": 6}"
tr-420bea62d815,tr-a510e36e0524,train,tr-420bea62d815,B_concat_scatter,B,thumos14,0,b70ae056c495b43ca3f305fe438926b97b2723b5,ACCEPTED_NOT_COMPLETION,DEFERRED_PRIORITY,,,,0,NOT_RUN,"{""checkpoint_indexing"": ""zero_based"", ""diagnostic_completed_epochs"": [5, 20, 40, 60], ""saved_completed_epochs"": [5, 10, 15, 20, 25, 30, 35, 40, 45, 50, 55, 60], ""version"": ""audit-repair-20260908""}",2026-09-08T09:33:48.114005+00:00,,"{""actionness_aux"": false, ""allow_global_zero"": true, ""axis"": ""ST"", ""backbone"": ""videomae_b"", ""budget"": 0.5, ""budget_mode"": ""fixed"", ""coarse_variant"": ""mean_shared"", ""cost_target"": ""traced_macs"", ""detail_probe_fraction"": 0.0, ""estimator"": ""pg_acquisition"", ""evidence_slots"": 4, ""exploration"": ""default"", ""fusion_variant"": ""residual"", ""geometry"": ""native_support"", ""head"": ""actionformer"", ""heavy_context"": ""parent16"", ""probe_every"": 32, ""query_length"": 768, ""quota"": ""global_zero_allowed"", ""receiver"": ""concat_scatter"", ""receiver_layers"": 2, ""roi_mode"": ""none"", ""rounds"": 1, ""route"": ""B"", ""route_refresh"": ""once"", ""scout_resolution"": 112, ""scout_temporal_stride"": 1, ""scout_width"": 128, ""selector"": ""hybrid"", ""source_resolution"": 160, ""spatial_group"": 2, ""temporal_atom_tubelets"": 1, ""tia_scope"": ""source_native"", ""warmup_epochs"": 6}"
tr-bd41d49601ca,tr-21bb004fe441,train,tr-bd41d49601ca,B_timestamp_attention,B,thumos14,0,b70ae056c495b43ca3f305fe438926b97b2723b5,ACCEPTED_NOT_COMPLETION,DEFERRED_PRIORITY,,,,0,NOT_RUN,"{""checkpoint_indexing"": ""zero_based"", ""diagnostic_completed_epochs"": [5, 20, 40, 60], ""saved_completed_epochs"": [5, 10, 15, 20, 25, 30, 35, 40, 45, 50, 55, 60], ""version"": ""audit-repair-20260908""}",2026-09-08T09:33:48.114005+00:00,,"{""actionness_aux"": false, ""allow_global_zero"": true, ""axis"": ""ST"", ""backbone"": ""videomae_b"", ""budget"": 0.5, ""budget_mode"": ""fixed"", ""coarse_variant"": ""mean_shared"", ""cost_target"": ""traced_macs"", ""detail_probe_fraction"": 0.0, ""estimator"": ""pg_acquisition"", ""evidence_slots"": 4, ""exploration"": ""default"", ""fusion_variant"": ""residual"", ""geometry"": ""native_support"", ""head"": ""actionformer"", ""heavy_context"": ""parent16"", ""probe_every"": 32, ""query_length"": 768, ""quota"": ""global_zero_allowed"", ""receiver"": ""timestamp_attention"", ""receiver_layers"": 2, ""roi_mode"": ""none"", ""rounds"": 1, ""route"": ""B"", ""route_refresh"": ""once"", ""scout_resolution"": 112, ""scout_temporal_stride"": 1, ""scout_width"": 128, ""selector"": ""hybrid"", ""source_resolution"": 160, ""spatial_group"": 2, ""temporal_atom_tubelets"": 1, ""tia_scope"": ""source_native"", ""warmup_epochs"": 6}"
tr-42267959ef11,tr-0058d7382058,train,tr-42267959ef11,A_no_position,A,thumos14,0,b70ae056c495b43ca3f305fe438926b97b2723b5,ACCEPTED_NOT_COMPLETION,DEFERRED_PRIORITY,,,,0,NOT_RUN,"{""checkpoint_indexing"": ""zero_based"", ""diagnostic_completed_epochs"": [5, 20, 40, 60], ""saved_completed_epochs"": [5, 10, 15, 20, 25, 30, 35, 40, 45, 50, 55, 60], ""version"": ""audit-repair-20260908""}",2026-09-08T09:33:48.114005+00:00,,"{""actionness_aux"": false, ""allow_global_zero"": true, ""axis"": ""ST"", ""backbone"": ""videomae_b"", ""budget"": 0.5, ""budget_mode"": ""fixed"", ""coarse_variant"": ""mean_shared"", ""cost_target"": ""traced_macs"", ""detail_probe_fraction"": 0.0, ""estimator"": ""pg_acquisition"", ""evidence_slots"": 4, ""exploration"": ""default"", ""fusion_variant"": ""residual"", ""geometry"": ""no_position"", ""head"": ""actionformer"", ""heavy_context"": ""parent16"", ""probe_every"": 32, ""query_length"": 768, ""quota"": ""global_zero_allowed"", ""receiver"": ""support_attention"", ""receiver_layers"": 2, ""roi_mode"": ""none"", ""rounds"": 1, ""route"": ""A"", ""route_refresh"": ""once"", ""scout_resolution"": 112, ""scout_temporal_stride"": 1, ""scout_width"": 128, ""selector"": ""hybrid"", ""source_resolution"": 160, ""spatial_group"": 2, ""temporal_atom_tubelets"": 1, ""tia_scope"": ""source_native"", ""warmup_epochs"": 6}"
tr-64781160fb02,tr-ca670215e501,train,tr-64781160fb02,A_native_position_only,A,thumos14,0,b70ae056c495b43ca3f305fe438926b97b2723b5,BLOCKED,BLOCKED_IMPLEMENTATION,geometry='native_position_only': implementation pending,,,0,NOT_RUN,"{""checkpoint_indexing"": ""zero_based"", ""diagnostic_completed_epochs"": [5, 20, 40, 60], ""saved_completed_epochs"": [5, 10, 15, 20, 25, 30, 35, 40, 45, 50, 55, 60], ""version"": ""audit-repair-20260908""}",2026-09-08T09:33:48.114005+00:00,,"{""actionness_aux"": false, ""allow_global_zero"": true, ""axis"": ""ST"", ""backbone"": ""videomae_b"", ""budget"": 0.5, ""budget_mode"": ""fixed"", ""coarse_variant"": ""mean_shared"", ""cost_target"": ""traced_macs"", ""detail_probe_fraction"": 0.0, ""estimator"": ""pg_acquisition"", ""evidence_slots"": 4, ""exploration"": ""default"", ""fusion_variant"": ""residual"", ""geometry"": ""native_position_only"", ""head"": ""actionformer"", ""heavy_context"": ""parent16"", ""probe_every"": 32, ""query_length"": 768, ""quota"": ""global_zero_allowed"", ""receiver"": ""support_attention"", ""receiver_layers"": 2, ""roi_mode"": ""none"", ""rounds"": 1, ""route"": ""A"", ""route_refresh"": ""once"", ""scout_resolution"": 112, ""scout_temporal_stride"": 1, ""scout_width"": 128, ""selector"": ""hybrid"", ""source_resolution"": 160, ""spatial_group"": 2, ""temporal_atom_tubelets"": 1, ""tia_scope"": ""source_native"", ""warmup_epochs"": 6}"
tr-8e61f3c47ae9,tr-30d2d72e2562,train,tr-8e61f3c47ae9,A_physical_bias,A,thumos14,0,b70ae056c495b43ca3f305fe438926b97b2723b5,BLOCKED,BLOCKED_IMPLEMENTATION,geometry='physical_bias': implementation pending,,,0,NOT_RUN,"{""checkpoint_indexing"": ""zero_based"", ""diagnostic_completed_epochs"": [5, 20, 40, 60], ""saved_completed_epochs"": [5, 10, 15, 20, 25, 30, 35, 40, 45, 50, 55, 60], ""version"": ""audit-repair-20260908""}",2026-09-08T09:33:48.114005+00:00,,"{""actionness_aux"": false, ""allow_global_zero"": true, ""axis"": ""ST"", ""backbone"": ""videomae_b"", ""budget"": 0.5, ""budget_mode"": ""fixed"", ""coarse_variant"": ""mean_shared"", ""cost_target"": ""traced_macs"", ""detail_probe_fraction"": 0.0, ""estimator"": ""pg_acquisition"", ""evidence_slots"": 4, ""exploration"": ""default"", ""fusion_variant"": ""residual"", ""geometry"": ""physical_bias"", ""head"": ""actionformer"", ""heavy_context"": ""parent16"", ""probe_every"": 32, ""query_length"": 768, ""quota"": ""global_zero_allowed"", ""receiver"": ""support_attention"", ""receiver_layers"": 2, ""roi_mode"": ""none"", ""rounds"": 1, ""route"": ""A"", ""route_refresh"": ""once"", ""scout_resolution"": 112, ""scout_temporal_stride"": 1, ""scout_width"": 128, ""selector"": ""hybrid"", ""source_resolution"": 160, ""spatial_group"": 2, ""temporal_atom_tubelets"": 1, ""tia_scope"": ""source_native"", ""warmup_epochs"": 6}"
tr-422610fba76a,tr-f87a8f86f5ea,train,tr-422610fba76a,A_rank_tia_negative_control,A,thumos14,0,b70ae056c495b43ca3f305fe438926b97b2723b5,BLOCKED,BLOCKED_IMPLEMENTATION,geometry='rank_tia_negative_control': implementation pending,,,0,NOT_RUN,"{""checkpoint_indexing"": ""zero_based"", ""diagnostic_completed_epochs"": [5, 20, 40, 60], ""saved_completed_epochs"": [5, 10, 15, 20, 25, 30, 35, 40, 45, 50, 55, 60], ""version"": ""audit-repair-20260908""}",2026-09-08T09:33:48.114005+00:00,,"{""actionness_aux"": false, ""allow_global_zero"": true, ""axis"": ""ST"", ""backbone"": ""videomae_b"", ""budget"": 0.5, ""budget_mode"": ""fixed"", ""coarse_variant"": ""mean_shared"", ""cost_target"": ""traced_macs"", ""detail_probe_fraction"": 0.0, ""estimator"": ""pg_acquisition"", ""evidence_slots"": 4, ""exploration"": ""default"", ""fusion_variant"": ""residual"", ""geometry"": ""rank_tia_negative_control"", ""head"": ""actionformer"", ""heavy_context"": ""parent16"", ""probe_every"": 32, ""query_length"": 768, ""quota"": ""global_zero_allowed"", ""receiver"": ""support_attention"", ""receiver_layers"": 2, ""roi_mode"": ""none"", ""rounds"": 1, ""route"": ""A"", ""route_refresh"": ""once"", ""scout_resolution"": 112, ""scout_temporal_stride"": 1, ""scout_width"": 128, ""selector"": ""hybrid"", ""source_resolution"": 160, ""spatial_group"": 2, ""temporal_atom_tubelets"": 1, ""tia_scope"": ""source_native"", ""warmup_epochs"": 6}"
tr-419448c4a597,tr-3aa9198ed215,train,tr-419448c4a597,C_centroid_only,C,thumos14,0,b70ae056c495b43ca3f305fe438926b97b2723b5,BLOCKED,BLOCKED_IMPLEMENTATION,geometry='centroid_only': implementation pending,,,0,NOT_RUN,"{""checkpoint_indexing"": ""zero_based"", ""diagnostic_completed_epochs"": [5, 20, 40, 60], ""saved_completed_epochs"": [5, 10, 15, 20, 25, 30, 35, 40, 45, 50, 55, 60], ""version"": ""audit-repair-20260908""}",2026-09-08T09:33:48.114005+00:00,,"{""actionness_aux"": false, ""allow_global_zero"": true, ""axis"": ""ST"", ""backbone"": ""videomae_b"", ""budget"": 0.5, ""budget_mode"": ""fixed"", ""coarse_variant"": ""mean_shared"", ""cost_target"": ""traced_macs"", ""detail_probe_fraction"": 0.0, ""estimator"": ""pg_acquisition"", ""evidence_slots"": 4, ""exploration"": ""default"", ""fusion_variant"": ""residual"", ""geometry"": ""centroid_only"", ""head"": ""actionformer"", ""heavy_context"": ""parent16"", ""probe_every"": 32, ""query_length"": 768, ""quota"": ""global_zero_allowed"", ""receiver"": ""support_attention"", ""receiver_layers"": 2, ""roi_mode"": ""none"", ""rounds"": 1, ""route"": ""C"", ""route_refresh"": ""once"", ""scout_resolution"": 112, ""scout_temporal_stride"": 1, ""scout_width"": 128, ""selector"": ""hybrid"", ""source_resolution"": 160, ""spatial_group"": 2, ""temporal_atom_tubelets"": 1, ""tia_scope"": ""source_native"", ""warmup_epochs"": 6}"
tr-138656a990fd,tr-cf75b2f06f23,train,tr-138656a990fd,C_support_no_scale,C,thumos14,0,b70ae056c495b43ca3f305fe438926b97b2723b5,BLOCKED,BLOCKED_IMPLEMENTATION,geometry='support_no_scale': implementation pending,,,0,NOT_RUN,"{""checkpoint_indexing"": ""zero_based"", ""diagnostic_completed_epochs"": [5, 20, 40, 60], ""saved_completed_epochs"": [5, 10, 15, 20, 25, 30, 35, 40, 45, 50, 55, 60], ""version"": ""audit-repair-20260908""}",2026-09-08T09:33:48.114005+00:00,,"{""actionness_aux"": false, ""allow_global_zero"": true, ""axis"": ""ST"", ""backbone"": ""videomae_b"", ""budget"": 0.5, ""budget_mode"": ""fixed"", ""coarse_variant"": ""mean_shared"", ""cost_target"": ""traced_macs"", ""detail_probe_fraction"": 0.0, ""estimator"": ""pg_acquisition"", ""evidence_slots"": 4, ""exploration"": ""default"", ""fusion_variant"": ""residual"", ""geometry"": ""support_no_scale"", ""head"": ""actionformer"", ""heavy_context"": ""parent16"", ""probe_every"": 32, ""query_length"": 768, ""quota"": ""global_zero_allowed"", ""receiver"": ""support_attention"", ""receiver_layers"": 2, ""roi_mode"": ""none"", ""rounds"": 1, ""route"": ""C"", ""route_refresh"": ""once"", ""scout_resolution"": 112, ""scout_temporal_stride"": 1, ""scout_width"": 128, ""selector"": ""hybrid"", ""source_resolution"": 160, ""spatial_group"": 2, ""temporal_atom_tubelets"": 1, ""tia_scope"": ""source_native"", ""warmup_epochs"": 6}"
tr-bb23deeb095f,tr-b09dc6ff6f30,train,tr-bb23deeb095f,A_per_clip_equal_quota,A,thumos14,0,b70ae056c495b43ca3f305fe438926b97b2723b5,ACCEPTED_NOT_COMPLETION,DEFERRED_PRIORITY,,,,0,NOT_RUN,"{""checkpoint_indexing"": ""zero_based"", ""diagnostic_completed_epochs"": [5, 20, 40, 60], ""saved_completed_epochs"": [5, 10, 15, 20, 25, 30, 35, 40, 45, 50, 55, 60], ""version"": ""audit-repair-20260908""}",2026-09-08T09:33:48.114005+00:00,,"{""actionness_aux"": false, ""allow_global_zero"": true, ""axis"": ""T"", ""backbone"": ""videomae_b"", ""budget"": 0.5, ""budget_mode"": ""fixed"", ""coarse_variant"": ""mean_shared"", ""cost_target"": ""traced_macs"", ""detail_probe_fraction"": 0.0, ""estimator"": ""pg_acquisition"", ""evidence_slots"": 4, ""exploration"": ""default"", ""fusion_variant"": ""residual"", ""geometry"": ""native_support"", ""head"": ""actionformer"", ""heavy_context"": ""parent16"", ""probe_every"": 32, ""query_length"": 768, ""quota"": ""per_clip_equal_quota"", ""receiver"": ""support_attention"", ""receiver_layers"": 2, ""roi_mode"": ""none"", ""rounds"": 1, ""route"": ""A"", ""route_refresh"": ""once"", ""scout_resolution"": 112, ""scout_temporal_stride"": 1, ""scout_width"": 128, ""selector"": ""hybrid"", ""source_resolution"": 160, ""spatial_group"": 2, ""temporal_atom_tubelets"": 1, ""tia_scope"": ""source_native"", ""warmup_epochs"": 6}"
tr-575cc33613c5,tr-01727b18d792,train,tr-575cc33613c5,A_global_nonzero_per_clip,A,thumos14,0,b70ae056c495b43ca3f305fe438926b97b2723b5,ACCEPTED_NOT_COMPLETION,DEFERRED_PRIORITY,,,,0,NOT_RUN,"{""checkpoint_indexing"": ""zero_based"", ""diagnostic_completed_epochs"": [5, 20, 40, 60], ""saved_completed_epochs"": [5, 10, 15, 20, 25, 30, 35, 40, 45, 50, 55, 60], ""version"": ""audit-repair-20260908""}",2026-09-08T09:33:48.114005+00:00,,"{""actionness_aux"": false, ""allow_global_zero"": true, ""axis"": ""T"", ""backbone"": ""videomae_b"", ""budget"": 0.5, ""budget_mode"": ""fixed"", ""coarse_variant"": ""mean_shared"", ""cost_target"": ""traced_macs"", ""detail_probe_fraction"": 0.0, ""estimator"": ""pg_acquisition"", ""evidence_slots"": 4, ""exploration"": ""default"", ""fusion_variant"": ""residual"", ""geometry"": ""native_support"", ""head"": ""actionformer"", ""heavy_context"": ""parent16"", ""probe_every"": 32, ""query_length"": 768, ""quota"": ""global_nonzero_per_clip"", ""receiver"": ""support_attention"", ""receiver_layers"": 2, ""roi_mode"": ""none"", ""rounds"": 1, ""route"": ""A"", ""route_refresh"": ""once"", ""scout_resolution"": 112, ""scout_temporal_stride"": 1, ""scout_width"": 128, ""selector"": ""hybrid"", ""source_resolution"": 160, ""spatial_group"": 2, ""temporal_atom_tubelets"": 1, ""tia_scope"": ""source_native"", ""warmup_epochs"": 6}"
tr-0f60d93f2092,tr-9c13abe83ced,train,tr-0f60d93f2092,A_dynamic_threshold,A,thumos14,0,b70ae056c495b43ca3f305fe438926b97b2723b5,BLOCKED,BLOCKED_IMPLEMENTATION,selector='threshold': implementation pending,,,0,NOT_RUN,"{""checkpoint_indexing"": ""zero_based"", ""diagnostic_completed_epochs"": [5, 20, 40, 60], ""saved_completed_epochs"": [5, 10, 15, 20, 25, 30, 35, 40, 45, 50, 55, 60], ""version"": ""audit-repair-20260908""}",2026-09-08T09:33:48.114005+00:00,,"{""actionness_aux"": false, ""allow_global_zero"": true, ""axis"": ""ST"", ""backbone"": ""videomae_b"", ""budget"": 0.5, ""budget_mode"": ""dynamic"", ""coarse_variant"": ""mean_shared"", ""cost_target"": ""traced_macs"", ""detail_probe_fraction"": 0.0, ""estimator"": ""pg_acquisition"", ""evidence_slots"": 4, ""exploration"": ""default"", ""fusion_variant"": ""residual"", ""geometry"": ""native_support"", ""head"": ""actionformer"", ""heavy_context"": ""parent16"", ""probe_every"": 32, ""query_length"": 768, ""quota"": ""global_zero_allowed"", ""receiver"": ""support_attention"", ""receiver_layers"": 2, ""roi_mode"": ""none"", ""rounds"": 1, ""route"": ""A"", ""route_refresh"": ""once"", ""scout_resolution"": 112, ""scout_temporal_stride"": 1, ""scout_width"": 128, ""selector"": ""threshold"", ""source_resolution"": 160, ""spatial_group"": 2, ""temporal_atom_tubelets"": 1, ""tia_scope"": ""source_native"", ""warmup_epochs"": 6}"
tr-5e6650a03ec7,tr-333678e65280,train,tr-5e6650a03ec7,A_dynamic_pg_only,A,thumos14,0,b70ae056c495b43ca3f305fe438926b97b2723b5,ACCEPTED_NOT_COMPLETION,DEFERRED_PRIORITY,,,,0,NOT_RUN,"{""checkpoint_indexing"": ""zero_based"", ""diagnostic_completed_epochs"": [5, 20, 40, 60], ""saved_completed_epochs"": [5, 10, 15, 20, 25, 30, 35, 40, 45, 50, 55, 60], ""version"": ""audit-repair-20260908""}",2026-09-08T09:33:48.114005+00:00,,"{""actionness_aux"": false, ""allow_global_zero"": true, ""axis"": ""ST"", ""backbone"": ""videomae_b"", ""budget"": 0.5, ""budget_mode"": ""dynamic"", ""coarse_variant"": ""mean_shared"", ""cost_target"": ""traced_macs"", ""detail_probe_fraction"": 0.0, ""estimator"": ""pg"", ""evidence_slots"": 4, ""exploration"": ""default"", ""fusion_variant"": ""residual"", ""geometry"": ""native_support"", ""head"": ""actionformer"", ""heavy_context"": ""parent16"", ""probe_every"": 32, ""query_length"": 768, ""quota"": ""global_zero_allowed"", ""receiver"": ""support_attention"", ""receiver_layers"": 2, ""roi_mode"": ""none"", ""rounds"": 1, ""route"": ""A"", ""route_refresh"": ""once"", ""scout_resolution"": 112, ""scout_temporal_stride"": 1, ""scout_width"": 128, ""selector"": ""pg_only"", ""source_resolution"": 160, ""spatial_group"": 2, ""temporal_atom_tubelets"": 1, ""tia_scope"": ""source_native"", ""warmup_epochs"": 6}"
tr-035cc6d41863,tr-78ac23996337,train,tr-035cc6d41863,A_hardware_cost,A,thumos14,0,b70ae056c495b43ca3f305fe438926b97b2723b5,BLOCKED,BLOCKED_IMPLEMENTATION,cost_target='hardware_lut': implementation pending,,,0,NOT_RUN,"{""checkpoint_indexing"": ""zero_based"", ""diagnostic_completed_epochs"": [5, 20, 40, 60], ""saved_completed_epochs"": [5, 10, 15, 20, 25, 30, 35, 40, 45, 50, 55, 60], ""version"": ""audit-repair-20260908""}",2026-09-08T09:33:48.114005+00:00,,"{""actionness_aux"": false, ""allow_global_zero"": true, ""axis"": ""ST"", ""backbone"": ""videomae_b"", ""budget"": 0.5, ""budget_mode"": ""dynamic"", ""coarse_variant"": ""mean_shared"", ""cost_target"": ""hardware_lut"", ""detail_probe_fraction"": 0.0, ""estimator"": ""pg_acquisition"", ""evidence_slots"": 4, ""exploration"": ""default"", ""fusion_variant"": ""residual"", ""geometry"": ""native_support"", ""head"": ""actionformer"", ""heavy_context"": ""parent16"", ""probe_every"": 32, ""query_length"": 768, ""quota"": ""global_zero_allowed"", ""receiver"": ""support_attention"", ""receiver_layers"": 2, ""roi_mode"": ""none"", ""rounds"": 1, ""route"": ""A"", ""route_refresh"": ""once"", ""scout_resolution"": 112, ""scout_temporal_stride"": 1, ""scout_width"": 128, ""selector"": ""hybrid"", ""source_resolution"": 160, ""spatial_group"": 2, ""temporal_atom_tubelets"": 1, ""tia_scope"": ""source_native"", ""warmup_epochs"": 6}"
tr-979966107ba3,tr-e1b0cde378f6,train,tr-979966107ba3,A_budget_nozero,A,thumos14,0,b70ae056c495b43ca3f305fe438926b97b2723b5,ACCEPTED_NOT_COMPLETION,DEFERRED_PRIORITY,,,,0,NOT_RUN,"{""checkpoint_indexing"": ""zero_based"", ""diagnostic_completed_epochs"": [5, 20, 40, 60], ""saved_completed_epochs"": [5, 10, 15, 20, 25, 30, 35, 40, 45, 50, 55, 60], ""version"": ""audit-repair-20260908""}",2026-09-08T09:33:48.114005+00:00,,"{""actionness_aux"": false, ""allow_global_zero"": false, ""axis"": ""ST"", ""backbone"": ""videomae_b"", ""budget"": 0.5, ""budget_mode"": ""dynamic"", ""coarse_variant"": ""mean_shared"", ""cost_target"": ""traced_macs"", ""detail_probe_fraction"": 0.0, ""estimator"": ""pg_acquisition"", ""evidence_slots"": 4, ""exploration"": ""default"", ""fusion_variant"": ""residual"", ""geometry"": ""native_support"", ""head"": ""actionformer"", ""heavy_context"": ""parent16"", ""probe_every"": 32, ""query_length"": 768, ""quota"": ""global_zero_allowed"", ""receiver"": ""support_attention"", ""receiver_layers"": 2, ""roi_mode"": ""none"", ""rounds"": 1, ""route"": ""A"", ""route_refresh"": ""once"", ""scout_resolution"": 112, ""scout_temporal_stride"": 1, ""scout_width"": 128, ""selector"": ""hybrid"", ""source_resolution"": 160, ""spatial_group"": 2, ""temporal_atom_tubelets"": 1, ""tia_scope"": ""source_native"", ""warmup_epochs"": 6}"
tr-d27b5be4e665,tr-08dea71e336a,train,tr-d27b5be4e665,B_per_clip_equal_quota,B,thumos14,0,b70ae056c495b43ca3f305fe438926b97b2723b5,ACCEPTED_NOT_COMPLETION,DEFERRED_PRIORITY,,,,0,NOT_RUN,"{""checkpoint_indexing"": ""zero_based"", ""diagnostic_completed_epochs"": [5, 20, 40, 60], ""saved_completed_epochs"": [5, 10, 15, 20, 25, 30, 35, 40, 45, 50, 55, 60], ""version"": ""audit-repair-20260908""}",2026-09-08T09:33:48.114005+00:00,,"{""actionness_aux"": false, ""allow_global_zero"": true, ""axis"": ""T"", ""backbone"": ""videomae_b"", ""budget"": 0.5, ""budget_mode"": ""fixed"", ""coarse_variant"": ""mean_shared"", ""cost_target"": ""traced_macs"", ""detail_probe_fraction"": 0.0, ""estimator"": ""pg_acquisition"", ""evidence_slots"": 4, ""exploration"": ""default"", ""fusion_variant"": ""residual"", ""geometry"": ""native_support"", ""head"": ""actionformer"", ""heavy_context"": ""parent16"", ""probe_every"": 32, ""query_length"": 768, ""quota"": ""per_clip_equal_quota"", ""receiver"": ""support_attention"", ""receiver_layers"": 2, ""roi_mode"": ""none"", ""rounds"": 1, ""route"": ""B"", ""route_refresh"": ""once"", ""scout_resolution"": 112, ""scout_temporal_stride"": 1, ""scout_width"": 128, ""selector"": ""hybrid"", ""source_resolution"": 160, ""spatial_group"": 2, ""temporal_atom_tubelets"": 1, ""tia_scope"": ""source_native"", ""warmup_epochs"": 6}"
tr-d4952dcd5833,tr-eb9229c5bc41,train,tr-d4952dcd5833,B_global_nonzero_per_clip,B,thumos14,0,b70ae056c495b43ca3f305fe438926b97b2723b5,ACCEPTED_NOT_COMPLETION,DEFERRED_PRIORITY,,,,0,NOT_RUN,"{""checkpoint_indexing"": ""zero_based"", ""diagnostic_completed_epochs"": [5, 20, 40, 60], ""saved_completed_epochs"": [5, 10, 15, 20, 25, 30, 35, 40, 45, 50, 55, 60], ""version"": ""audit-repair-20260908""}",2026-09-08T09:33:48.114005+00:00,,"{""actionness_aux"": false, ""allow_global_zero"": true, ""axis"": ""T"", ""backbone"": ""videomae_b"", ""budget"": 0.5, ""budget_mode"": ""fixed"", ""coarse_variant"": ""mean_shared"", ""cost_target"": ""traced_macs"", ""detail_probe_fraction"": 0.0, ""estimator"": ""pg_acquisition"", ""evidence_slots"": 4, ""exploration"": ""default"", ""fusion_variant"": ""residual"", ""geometry"": ""native_support"", ""head"": ""actionformer"", ""heavy_context"": ""parent16"", ""probe_every"": 32, ""query_length"": 768, ""quota"": ""global_nonzero_per_clip"", ""receiver"": ""support_attention"", ""receiver_layers"": 2, ""roi_mode"": ""none"", ""rounds"": 1, ""route"": ""B"", ""route_refresh"": ""once"", ""scout_resolution"": 112, ""scout_temporal_stride"": 1, ""scout_width"": 128, ""selector"": ""hybrid"", ""source_resolution"": 160, ""spatial_group"": 2, ""temporal_atom_tubelets"": 1, ""tia_scope"": ""source_native"", ""warmup_epochs"": 6}"
tr-d805d74d8fb3,tr-ffba6492cde6,train,tr-d805d74d8fb3,B_dynamic_threshold,B,thumos14,0,b70ae056c495b43ca3f305fe438926b97b2723b5,BLOCKED,BLOCKED_IMPLEMENTATION,selector='threshold': implementation pending,,,0,NOT_RUN,"{""checkpoint_indexing"": ""zero_based"", ""diagnostic_completed_epochs"": [5, 20, 40, 60], ""saved_completed_epochs"": [5, 10, 15, 20, 25, 30, 35, 40, 45, 50, 55, 60], ""version"": ""audit-repair-20260908""}",2026-09-08T09:33:48.114005+00:00,,"{""actionness_aux"": false, ""allow_global_zero"": true, ""axis"": ""ST"", ""backbone"": ""videomae_b"", ""budget"": 0.5, ""budget_mode"": ""dynamic"", ""coarse_variant"": ""mean_shared"", ""cost_target"": ""traced_macs"", ""detail_probe_fraction"": 0.0, ""estimator"": ""pg_acquisition"", ""evidence_slots"": 4, ""exploration"": ""default"", ""fusion_variant"": ""residual"", ""geometry"": ""native_support"", ""head"": ""actionformer"", ""heavy_context"": ""parent16"", ""probe_every"": 32, ""query_length"": 768, ""quota"": ""global_zero_allowed"", ""receiver"": ""support_attention"", ""receiver_layers"": 2, ""roi_mode"": ""none"", ""rounds"": 1, ""route"": ""B"", ""route_refresh"": ""once"", ""scout_resolution"": 112, ""scout_temporal_stride"": 1, ""scout_width"": 128, ""selector"": ""threshold"", ""source_resolution"": 160, ""spatial_group"": 2, ""temporal_atom_tubelets"": 1, ""tia_scope"": ""source_native"", ""warmup_epochs"": 6}"
tr-a58519d8c4b1,tr-761574de7d6a,train,tr-a58519d8c4b1,B_dynamic_pg_only,B,thumos14,0,b70ae056c495b43ca3f305fe438926b97b2723b5,ACCEPTED_NOT_COMPLETION,DEFERRED_PRIORITY,,,,0,NOT_RUN,"{""checkpoint_indexing"": ""zero_based"", ""diagnostic_completed_epochs"": [5, 20, 40, 60], ""saved_completed_epochs"": [5, 10, 15, 20, 25, 30, 35, 40, 45, 50, 55, 60], ""version"": ""audit-repair-20260908""}",2026-09-08T09:33:48.114005+00:00,,"{""actionness_aux"": false, ""allow_global_zero"": true, ""axis"": ""ST"", ""backbone"": ""videomae_b"", ""budget"": 0.5, ""budget_mode"": ""dynamic"", ""coarse_variant"": ""mean_shared"", ""cost_target"": ""traced_macs"", ""detail_probe_fraction"": 0.0, ""estimator"": ""pg"", ""evidence_slots"": 4, ""exploration"": ""default"", ""fusion_variant"": ""residual"", ""geometry"": ""native_support"", ""head"": ""actionformer"", ""heavy_context"": ""parent16"", ""probe_every"": 32, ""query_length"": 768, ""quota"": ""global_zero_allowed"", ""receiver"": ""support_attention"", ""receiver_layers"": 2, ""roi_mode"": ""none"", ""rounds"": 1, ""route"": ""B"", ""route_refresh"": ""once"", ""scout_resolution"": 112, ""scout_temporal_stride"": 1, ""scout_width"": 128, ""selector"": ""pg_only"", ""source_resolution"": 160, ""spatial_group"": 2, ""temporal_atom_tubelets"": 1, ""tia_scope"": ""source_native"", ""warmup_epochs"": 6}"
tr-ea017131a0b8,tr-d8f778e15311,train,tr-ea017131a0b8,B_hardware_cost,B,thumos14,0,b70ae056c495b43ca3f305fe438926b97b2723b5,BLOCKED,BLOCKED_IMPLEMENTATION,cost_target='hardware_lut': implementation pending,,,0,NOT_RUN,"{""checkpoint_indexing"": ""zero_based"", ""diagnostic_completed_epochs"": [5, 20, 40, 60], ""saved_completed_epochs"": [5, 10, 15, 20, 25, 30, 35, 40, 45, 50, 55, 60], ""version"": ""audit-repair-20260908""}",2026-09-08T09:33:48.114005+00:00,,"{""actionness_aux"": false, ""allow_global_zero"": true, ""axis"": ""ST"", ""backbone"": ""videomae_b"", ""budget"": 0.5, ""budget_mode"": ""dynamic"", ""coarse_variant"": ""mean_shared"", ""cost_target"": ""hardware_lut"", ""detail_probe_fraction"": 0.0, ""estimator"": ""pg_acquisition"", ""evidence_slots"": 4, ""exploration"": ""default"", ""fusion_variant"": ""residual"", ""geometry"": ""native_support"", ""head"": ""actionformer"", ""heavy_context"": ""parent16"", ""probe_every"": 32, ""query_length"": 768, ""quota"": ""global_zero_allowed"", ""receiver"": ""support_attention"", ""receiver_layers"": 2, ""roi_mode"": ""none"", ""rounds"": 1, ""route"": ""B"", ""route_refresh"": ""once"", ""scout_resolution"": 112, ""scout_temporal_stride"": 1, ""scout_width"": 128, ""selector"": ""hybrid"", ""source_resolution"": 160, ""spatial_group"": 2, ""temporal_atom_tubelets"": 1, ""tia_scope"": ""source_native"", ""warmup_epochs"": 6}"
tr-aec7a3755278,tr-3fe44e64353a,train,tr-aec7a3755278,B_budget_nozero,B,thumos14,0,b70ae056c495b43ca3f305fe438926b97b2723b5,ACCEPTED_NOT_COMPLETION,DEFERRED_PRIORITY,,,,0,NOT_RUN,"{""checkpoint_indexing"": ""zero_based"", ""diagnostic_completed_epochs"": [5, 20, 40, 60], ""saved_completed_epochs"": [5, 10, 15, 20, 25, 30, 35, 40, 45, 50, 55, 60], ""version"": ""audit-repair-20260908""}",2026-09-08T09:33:48.114005+00:00,,"{""actionness_aux"": false, ""allow_global_zero"": false, ""axis"": ""ST"", ""backbone"": ""videomae_b"", ""budget"": 0.5, ""budget_mode"": ""dynamic"", ""coarse_variant"": ""mean_shared"", ""cost_target"": ""traced_macs"", ""detail_probe_fraction"": 0.0, ""estimator"": ""pg_acquisition"", ""evidence_slots"": 4, ""exploration"": ""default"", ""fusion_variant"": ""residual"", ""geometry"": ""native_support"", ""head"": ""actionformer"", ""heavy_context"": ""parent16"", ""probe_every"": 32, ""query_length"": 768, ""quota"": ""global_zero_allowed"", ""receiver"": ""support_attention"", ""receiver_layers"": 2, ""roi_mode"": ""none"", ""rounds"": 1, ""route"": ""B"", ""route_refresh"": ""once"", ""scout_resolution"": 112, ""scout_temporal_stride"": 1, ""scout_width"": 128, ""selector"": ""hybrid"", ""source_resolution"": 160, ""spatial_group"": 2, ""temporal_atom_tubelets"": 1, ""tia_scope"": ""source_native"", ""warmup_epochs"": 6}"
tr-73367dff2861,tr-0fb36019d1ad,train,tr-73367dff2861,A_scout_res80,A,thumos14,0,b70ae056c495b43ca3f305fe438926b97b2723b5,ACCEPTED_NOT_COMPLETION,DEFERRED_PRIORITY,,,,0,NOT_RUN,"{""checkpoint_indexing"": ""zero_based"", ""diagnostic_completed_epochs"": [5, 20, 40, 60], ""saved_completed_epochs"": [5, 10, 15, 20, 25, 30, 35, 40, 45, 50, 55, 60], ""version"": ""audit-repair-20260908""}",2026-09-08T09:33:48.114005+00:00,,"{""actionness_aux"": false, ""allow_global_zero"": true, ""axis"": ""ST"", ""backbone"": ""videomae_b"", ""budget"": 0.5, ""budget_mode"": ""fixed"", ""coarse_variant"": ""mean_shared"", ""cost_target"": ""traced_macs"", ""detail_probe_fraction"": 0.0, ""estimator"": ""pg_acquisition"", ""evidence_slots"": 4, ""exploration"": ""default"", ""fusion_variant"": ""residual"", ""geometry"": ""native_support"", ""head"": ""actionformer"", ""heavy_context"": ""parent16"", ""probe_every"": 32, ""query_length"": 768, ""quota"": ""global_zero_allowed"", ""receiver"": ""support_attention"", ""receiver_layers"": 2, ""roi_mode"": ""none"", ""rounds"": 1, ""route"": ""A"", ""route_refresh"": ""once"", ""scout_resolution"": 80, ""scout_temporal_stride"": 1, ""scout_width"": 128, ""selector"": ""hybrid"", ""source_resolution"": 160, ""spatial_group"": 2, ""temporal_atom_tubelets"": 1, ""tia_scope"": ""source_native"", ""warmup_epochs"": 6}"
tr-f3f7f8f725d9,tr-58c6a1877f58,train,tr-f3f7f8f725d9,A_scout_res160,A,thumos14,0,b70ae056c495b43ca3f305fe438926b97b2723b5,ACCEPTED_NOT_COMPLETION,DEFERRED_PRIORITY,,,,0,NOT_RUN,"{""checkpoint_indexing"": ""zero_based"", ""diagnostic_completed_epochs"": [5, 20, 40, 60], ""saved_completed_epochs"": [5, 10, 15, 20, 25, 30, 35, 40, 45, 50, 55, 60], ""version"": ""audit-repair-20260908""}",2026-09-08T09:33:48.114005+00:00,,"{""actionness_aux"": false, ""allow_global_zero"": true, ""axis"": ""ST"", ""backbone"": ""videomae_b"", ""budget"": 0.5, ""budget_mode"": ""fixed"", ""coarse_variant"": ""mean_shared"", ""cost_target"": ""traced_macs"", ""detail_probe_fraction"": 0.0, ""estimator"": ""pg_acquisition"", ""evidence_slots"": 4, ""exploration"": ""default"", ""fusion_variant"": ""residual"", ""geometry"": ""native_support"", ""head"": ""actionformer"", ""heavy_context"": ""parent16"", ""probe_every"": 32, ""query_length"": 768, ""quota"": ""global_zero_allowed"", ""receiver"": ""support_attention"", ""receiver_layers"": 2, ""roi_mode"": ""none"", ""rounds"": 1, ""route"": ""A"", ""route_refresh"": ""once"", ""scout_resolution"": 160, ""scout_temporal_stride"": 1, ""scout_width"": 128, ""selector"": ""hybrid"", ""source_resolution"": 160, ""spatial_group"": 2, ""temporal_atom_tubelets"": 1, ""tia_scope"": ""source_native"", ""warmup_epochs"": 6}"
tr-96ff5665ae0c,tr-3969665d9d21,train,tr-96ff5665ae0c,A_scout_width64,A,thumos14,0,b70ae056c495b43ca3f305fe438926b97b2723b5,ACCEPTED_NOT_COMPLETION,DEFERRED_PRIORITY,,,,0,NOT_RUN,"{""checkpoint_indexing"": ""zero_based"", ""diagnostic_completed_epochs"": [5, 20, 40, 60], ""saved_completed_epochs"": [5, 10, 15, 20, 25, 30, 35, 40, 45, 50, 55, 60], ""version"": ""audit-repair-20260908""}",2026-09-08T09:33:48.114005+00:00,,"{""actionness_aux"": false, ""allow_global_zero"": true, ""axis"": ""ST"", ""backbone"": ""videomae_b"", ""budget"": 0.5, ""budget_mode"": ""fixed"", ""coarse_variant"": ""mean_shared"", ""cost_target"": ""traced_macs"", ""detail_probe_fraction"": 0.0, ""estimator"": ""pg_acquisition"", ""evidence_slots"": 4, ""exploration"": ""default"", ""fusion_variant"": ""residual"", ""geometry"": ""native_support"", ""head"": ""actionformer"", ""heavy_context"": ""parent16"", ""probe_every"": 32, ""query_length"": 768, ""quota"": ""global_zero_allowed"", ""receiver"": ""support_attention"", ""receiver_layers"": 2, ""roi_mode"": ""none"", ""rounds"": 1, ""route"": ""A"", ""route_refresh"": ""once"", ""scout_resolution"": 112, ""scout_temporal_stride"": 1, ""scout_width"": 64, ""selector"": ""hybrid"", ""source_resolution"": 160, ""spatial_group"": 2, ""temporal_atom_tubelets"": 1, ""tia_scope"": ""source_native"", ""warmup_epochs"": 6}"
tr-018b0aa68cde,tr-fb64e7aaba04,train,tr-018b0aa68cde,A_scout_width256,A,thumos14,0,b70ae056c495b43ca3f305fe438926b97b2723b5,ACCEPTED_NOT_COMPLETION,DEFERRED_PRIORITY,,,,0,NOT_RUN,"{""checkpoint_indexing"": ""zero_based"", ""diagnostic_completed_epochs"": [5, 20, 40, 60], ""saved_completed_epochs"": [5, 10, 15, 20, 25, 30, 35, 40, 45, 50, 55, 60], ""version"": ""audit-repair-20260908""}",2026-09-08T09:33:48.114005+00:00,,"{""actionness_aux"": false, ""allow_global_zero"": true, ""axis"": ""ST"", ""backbone"": ""videomae_b"", ""budget"": 0.5, ""budget_mode"": ""fixed"", ""coarse_variant"": ""mean_shared"", ""cost_target"": ""traced_macs"", ""detail_probe_fraction"": 0.0, ""estimator"": ""pg_acquisition"", ""evidence_slots"": 4, ""exploration"": ""default"", ""fusion_variant"": ""residual"", ""geometry"": ""native_support"", ""head"": ""actionformer"", ""heavy_context"": ""parent16"", ""probe_every"": 32, ""query_length"": 768, ""quota"": ""global_zero_allowed"", ""receiver"": ""support_attention"", ""receiver_layers"": 2, ""roi_mode"": ""none"", ""rounds"": 1, ""route"": ""A"", ""route_refresh"": ""once"", ""scout_resolution"": 112, ""scout_temporal_stride"": 1, ""scout_width"": 256, ""selector"": ""hybrid"", ""source_resolution"": 160, ""spatial_group"": 2, ""temporal_atom_tubelets"": 1, ""tia_scope"": ""source_native"", ""warmup_epochs"": 6}"
tr-6ccb96ddc354,tr-43d97b89a4c3,train,tr-6ccb96ddc354,A_scout_tstride2,A,thumos14,0,b70ae056c495b43ca3f305fe438926b97b2723b5,ACCEPTED_NOT_COMPLETION,DEFERRED_PRIORITY,,,,0,NOT_RUN,"{""checkpoint_indexing"": ""zero_based"", ""diagnostic_completed_epochs"": [5, 20, 40, 60], ""saved_completed_epochs"": [5, 10, 15, 20, 25, 30, 35, 40, 45, 50, 55, 60], ""version"": ""audit-repair-20260908""}",2026-09-08T09:33:48.114005+00:00,,"{""actionness_aux"": false, ""allow_global_zero"": true, ""axis"": ""ST"", ""backbone"": ""videomae_b"", ""budget"": 0.5, ""budget_mode"": ""fixed"", ""coarse_variant"": ""mean_shared"", ""cost_target"": ""traced_macs"", ""detail_probe_fraction"": 0.0, ""estimator"": ""pg_acquisition"", ""evidence_slots"": 4, ""exploration"": ""default"", ""fusion_variant"": ""residual"", ""geometry"": ""native_support"", ""head"": ""actionformer"", ""heavy_context"": ""parent16"", ""probe_every"": 32, ""query_length"": 768, ""quota"": ""global_zero_allowed"", ""receiver"": ""support_attention"", ""receiver_layers"": 2, ""roi_mode"": ""none"", ""rounds"": 1, ""route"": ""A"", ""route_refresh"": ""once"", ""scout_resolution"": 112, ""scout_temporal_stride"": 2, ""scout_width"": 128, ""selector"": ""hybrid"", ""source_resolution"": 160, ""spatial_group"": 2, ""temporal_atom_tubelets"": 1, ""tia_scope"": ""source_native"", ""warmup_epochs"": 6}"
tr-ce7e7733b54e,tr-cf81c51b1d9b,train,tr-ce7e7733b54e,A_scout_tstride4,A,thumos14,0,b70ae056c495b43ca3f305fe438926b97b2723b5,ACCEPTED_NOT_COMPLETION,DEFERRED_PRIORITY,,,,0,NOT_RUN,"{""checkpoint_indexing"": ""zero_based"", ""diagnostic_completed_epochs"": [5, 20, 40, 60], ""saved_completed_epochs"": [5, 10, 15, 20, 25, 30, 35, 40, 45, 50, 55, 60], ""version"": ""audit-repair-20260908""}",2026-09-08T09:33:48.114005+00:00,,"{""actionness_aux"": false, ""allow_global_zero"": true, ""axis"": ""ST"", ""backbone"": ""videomae_b"", ""budget"": 0.5, ""budget_mode"": ""fixed"", ""coarse_variant"": ""mean_shared"", ""cost_target"": ""traced_macs"", ""detail_probe_fraction"": 0.0, ""estimator"": ""pg_acquisition"", ""evidence_slots"": 4, ""exploration"": ""default"", ""fusion_variant"": ""residual"", ""geometry"": ""native_support"", ""head"": ""actionformer"", ""heavy_context"": ""parent16"", ""probe_every"": 32, ""query_length"": 768, ""quota"": ""global_zero_allowed"", ""receiver"": ""support_attention"", ""receiver_layers"": 2, ""roi_mode"": ""none"", ""rounds"": 1, ""route"": ""A"", ""route_refresh"": ""once"", ""scout_resolution"": 112, ""scout_temporal_stride"": 4, ""scout_width"": 128, ""selector"": ""hybrid"", ""source_resolution"": 160, ""spatial_group"": 2, ""temporal_atom_tubelets"": 1, ""tia_scope"": ""source_native"", ""warmup_epochs"": 6}"
tr-db9f3f38273a,tr-e29130dc1162,train,tr-db9f3f38273a,A_detail_probe,A,thumos14,0,b70ae056c495b43ca3f305fe438926b97b2723b5,BLOCKED,BLOCKED_IMPLEMENTATION,detail_probe_fraction=0.03125: implementation pending,,,0,NOT_RUN,"{""checkpoint_indexing"": ""zero_based"", ""diagnostic_completed_epochs"": [5, 20, 40, 60], ""saved_completed_epochs"": [5, 10, 15, 20, 25, 30, 35, 40, 45, 50, 55, 60], ""version"": ""audit-repair-20260908""}",2026-09-08T09:33:48.114005+00:00,,"{""actionness_aux"": false, ""allow_global_zero"": true, ""axis"": ""ST"", ""backbone"": ""videomae_b"", ""budget"": 0.5, ""budget_mode"": ""fixed"", ""coarse_variant"": ""mean_shared"", ""cost_target"": ""traced_macs"", ""detail_probe_fraction"": 0.03125, ""estimator"": ""pg_acquisition"", ""evidence_slots"": 4, ""exploration"": ""default"", ""fusion_variant"": ""residual"", ""geometry"": ""native_support"", ""head"": ""actionformer"", ""heavy_context"": ""parent16"", ""probe_every"": 32, ""query_length"": 768, ""quota"": ""global_zero_allowed"", ""receiver"": ""support_attention"", ""receiver_layers"": 2, ""roi_mode"": ""none"", ""rounds"": 1, ""route"": ""A"", ""route_refresh"": ""once"", ""scout_resolution"": 112, ""scout_temporal_stride"": 1, ""scout_width"": 128, ""selector"": ""hybrid"", ""source_resolution"": 160, ""spatial_group"": 2, ""temporal_atom_tubelets"": 1, ""tia_scope"": ""source_native"", ""warmup_epochs"": 6}"
tr-06f0471c2b14,tr-5cbb39075fe6,train,tr-06f0471c2b14,A_actionness_aux,A,thumos14,0,b70ae056c495b43ca3f305fe438926b97b2723b5,ACCEPTED_NOT_COMPLETION,DEFERRED_PRIORITY,,,,0,NOT_RUN,"{""checkpoint_indexing"": ""zero_based"", ""diagnostic_completed_epochs"": [5, 20, 40, 60], ""saved_completed_epochs"": [5, 10, 15, 20, 25, 30, 35, 40, 45, 50, 55, 60], ""version"": ""audit-repair-20260908""}",2026-09-08T09:33:48.114005+00:00,,"{""actionness_aux"": true, ""allow_global_zero"": true, ""axis"": ""ST"", ""backbone"": ""videomae_b"", ""budget"": 0.5, ""budget_mode"": ""fixed"", ""coarse_variant"": ""mean_shared"", ""cost_target"": ""traced_macs"", ""detail_probe_fraction"": 0.0, ""estimator"": ""pg_acquisition"", ""evidence_slots"": 4, ""exploration"": ""default"", ""fusion_variant"": ""residual"", ""geometry"": ""native_support"", ""head"": ""actionformer"", ""heavy_context"": ""parent16"", ""probe_every"": 32, ""query_length"": 768, ""quota"": ""global_zero_allowed"", ""receiver"": ""support_attention"", ""receiver_layers"": 2, ""roi_mode"": ""none"", ""rounds"": 1, ""route"": ""A"", ""route_refresh"": ""once"", ""scout_resolution"": 112, ""scout_temporal_stride"": 1, ""scout_width"": 128, ""selector"": ""hybrid"", ""source_resolution"": 160, ""spatial_group"": 2, ""temporal_atom_tubelets"": 1, ""tia_scope"": ""source_native"", ""warmup_epochs"": 6}"
tr-225ec13a05d8,tr-4f9e8f0b10f6,train,tr-225ec13a05d8,B_scout_res80,B,thumos14,0,b70ae056c495b43ca3f305fe438926b97b2723b5,ACCEPTED_NOT_COMPLETION,DEFERRED_PRIORITY,,,,0,NOT_RUN,"{""checkpoint_indexing"": ""zero_based"", ""diagnostic_completed_epochs"": [5, 20, 40, 60], ""saved_completed_epochs"": [5, 10, 15, 20, 25, 30, 35, 40, 45, 50, 55, 60], ""version"": ""audit-repair-20260908""}",2026-09-08T09:33:48.114005+00:00,,"{""actionness_aux"": false, ""allow_global_zero"": true, ""axis"": ""ST"", ""backbone"": ""videomae_b"", ""budget"": 0.5, ""budget_mode"": ""fixed"", ""coarse_variant"": ""mean_shared"", ""cost_target"": ""traced_macs"", ""detail_probe_fraction"": 0.0, ""estimator"": ""pg_acquisition"", ""evidence_slots"": 4, ""exploration"": ""default"", ""fusion_variant"": ""residual"", ""geometry"": ""native_support"", ""head"": ""actionformer"", ""heavy_context"": ""parent16"", ""probe_every"": 32, ""query_length"": 768, ""quota"": ""global_zero_allowed"", ""receiver"": ""support_attention"", ""receiver_layers"": 2, ""roi_mode"": ""none"", ""rounds"": 1, ""route"": ""B"", ""route_refresh"": ""once"", ""scout_resolution"": 80, ""scout_temporal_stride"": 1, ""scout_width"": 128, ""selector"": ""hybrid"", ""source_resolution"": 160, ""spatial_group"": 2, ""temporal_atom_tubelets"": 1, ""tia_scope"": ""source_native"", ""warmup_epochs"": 6}"
tr-48d88b0be34c,tr-59a83f557060,train,tr-48d88b0be34c,B_scout_res160,B,thumos14,0,b70ae056c495b43ca3f305fe438926b97b2723b5,ACCEPTED_NOT_COMPLETION,DEFERRED_PRIORITY,,,,0,NOT_RUN,"{""checkpoint_indexing"": ""zero_based"", ""diagnostic_completed_epochs"": [5, 20, 40, 60], ""saved_completed_epochs"": [5, 10, 15, 20, 25, 30, 35, 40, 45, 50, 55, 60], ""version"": ""audit-repair-20260908""}",2026-09-08T09:33:48.114005+00:00,,"{""actionness_aux"": false, ""allow_global_zero"": true, ""axis"": ""ST"", ""backbone"": ""videomae_b"", ""budget"": 0.5, ""budget_mode"": ""fixed"", ""coarse_variant"": ""mean_shared"", ""cost_target"": ""traced_macs"", ""detail_probe_fraction"": 0.0, ""estimator"": ""pg_acquisition"", ""evidence_slots"": 4, ""exploration"": ""default"", ""fusion_variant"": ""residual"", ""geometry"": ""native_support"", ""head"": ""actionformer"", ""heavy_context"": ""parent16"", ""probe_every"": 32, ""query_length"": 768, ""quota"": ""global_zero_allowed"", ""receiver"": ""support_attention"", ""receiver_layers"": 2, ""roi_mode"": ""none"", ""rounds"": 1, ""route"": ""B"", ""route_refresh"": ""once"", ""scout_resolution"": 160, ""scout_temporal_stride"": 1, ""scout_width"": 128, ""selector"": ""hybrid"", ""source_resolution"": 160, ""spatial_group"": 2, ""temporal_atom_tubelets"": 1, ""tia_scope"": ""source_native"", ""warmup_epochs"": 6}"
tr-f5864576467d,tr-7b5a3fb1c38b,train,tr-f5864576467d,B_scout_width64,B,thumos14,0,b70ae056c495b43ca3f305fe438926b97b2723b5,ACCEPTED_NOT_COMPLETION,DEFERRED_PRIORITY,,,,0,NOT_RUN,"{""checkpoint_indexing"": ""zero_based"", ""diagnostic_completed_epochs"": [5, 20, 40, 60], ""saved_completed_epochs"": [5, 10, 15, 20, 25, 30, 35, 40, 45, 50, 55, 60], ""version"": ""audit-repair-20260908""}",2026-09-08T09:33:48.114005+00:00,,"{""actionness_aux"": false, ""allow_global_zero"": true, ""axis"": ""ST"", ""backbone"": ""videomae_b"", ""budget"": 0.5, ""budget_mode"": ""fixed"", ""coarse_variant"": ""mean_shared"", ""cost_target"": ""traced_macs"", ""detail_probe_fraction"": 0.0, ""estimator"": ""pg_acquisition"", ""evidence_slots"": 4, ""exploration"": ""default"", ""fusion_variant"": ""residual"", ""geometry"": ""native_support"", ""head"": ""actionformer"", ""heavy_context"": ""parent16"", ""probe_every"": 32, ""query_length"": 768, ""quota"": ""global_zero_allowed"", ""receiver"": ""support_attention"", ""receiver_layers"": 2, ""roi_mode"": ""none"", ""rounds"": 1, ""route"": ""B"", ""route_refresh"": ""once"", ""scout_resolution"": 112, ""scout_temporal_stride"": 1, ""scout_width"": 64, ""selector"": ""hybrid"", ""source_resolution"": 160, ""spatial_group"": 2, ""temporal_atom_tubelets"": 1, ""tia_scope"": ""source_native"", ""warmup_epochs"": 6}"
tr-934c3c9af365,tr-d326bbe4c45c,train,tr-934c3c9af365,B_scout_width256,B,thumos14,0,b70ae056c495b43ca3f305fe438926b97b2723b5,ACCEPTED_NOT_COMPLETION,DEFERRED_PRIORITY,,,,0,NOT_RUN,"{""checkpoint_indexing"": ""zero_based"", ""diagnostic_completed_epochs"": [5, 20, 40, 60], ""saved_completed_epochs"": [5, 10, 15, 20, 25, 30, 35, 40, 45, 50, 55, 60], ""version"": ""audit-repair-20260908""}",2026-09-08T09:33:48.114005+00:00,,"{""actionness_aux"": false, ""allow_global_zero"": true, ""axis"": ""ST"", ""backbone"": ""videomae_b"", ""budget"": 0.5, ""budget_mode"": ""fixed"", ""coarse_variant"": ""mean_shared"", ""cost_target"": ""traced_macs"", ""detail_probe_fraction"": 0.0, ""estimator"": ""pg_acquisition"", ""evidence_slots"": 4, ""exploration"": ""default"", ""fusion_variant"": ""residual"", ""geometry"": ""native_support"", ""head"": ""actionformer"", ""heavy_context"": ""parent16"", ""probe_every"": 32, ""query_length"": 768, ""quota"": ""global_zero_allowed"", ""receiver"": ""support_attention"", ""receiver_layers"": 2, ""roi_mode"": ""none"", ""rounds"": 1, ""route"": ""B"", ""route_refresh"": ""once"", ""scout_resolution"": 112, ""scout_temporal_stride"": 1, ""scout_width"": 256, ""selector"": ""hybrid"", ""source_resolution"": 160, ""spatial_group"": 2, ""temporal_atom_tubelets"": 1, ""tia_scope"": ""source_native"", ""warmup_epochs"": 6}"
tr-8776eaba94c2,tr-25b5ff01a4a4,train,tr-8776eaba94c2,B_scout_tstride2,B,thumos14,0,b70ae056c495b43ca3f305fe438926b97b2723b5,ACCEPTED_NOT_COMPLETION,DEFERRED_PRIORITY,,,,0,NOT_RUN,"{""checkpoint_indexing"": ""zero_based"", ""diagnostic_completed_epochs"": [5, 20, 40, 60], ""saved_completed_epochs"": [5, 10, 15, 20, 25, 30, 35, 40, 45, 50, 55, 60], ""version"": ""audit-repair-20260908""}",2026-09-08T09:33:48.114005+00:00,,"{""actionness_aux"": false, ""allow_global_zero"": true, ""axis"": ""ST"", ""backbone"": ""videomae_b"", ""budget"": 0.5, ""budget_mode"": ""fixed"", ""coarse_variant"": ""mean_shared"", ""cost_target"": ""traced_macs"", ""detail_probe_fraction"": 0.0, ""estimator"": ""pg_acquisition"", ""evidence_slots"": 4, ""exploration"": ""default"", ""fusion_variant"": ""residual"", ""geometry"": ""native_support"", ""head"": ""actionformer"", ""heavy_context"": ""parent16"", ""probe_every"": 32, ""query_length"": 768, ""quota"": ""global_zero_allowed"", ""receiver"": ""support_attention"", ""receiver_layers"": 2, ""roi_mode"": ""none"", ""rounds"": 1, ""route"": ""B"", ""route_refresh"": ""once"", ""scout_resolution"": 112, ""scout_temporal_stride"": 2, ""scout_width"": 128, ""selector"": ""hybrid"", ""source_resolution"": 160, ""spatial_group"": 2, ""temporal_atom_tubelets"": 1, ""tia_scope"": ""source_native"", ""warmup_epochs"": 6}"
tr-ce8e65b9c12e,tr-bc5ea4f5d61a,train,tr-ce8e65b9c12e,B_scout_tstride4,B,thumos14,0,b70ae056c495b43ca3f305fe438926b97b2723b5,ACCEPTED_NOT_COMPLETION,DEFERRED_PRIORITY,,,,0,NOT_RUN,"{""checkpoint_indexing"": ""zero_based"", ""diagnostic_completed_epochs"": [5, 20, 40, 60], ""saved_completed_epochs"": [5, 10, 15, 20, 25, 30, 35, 40, 45, 50, 55, 60], ""version"": ""audit-repair-20260908""}",2026-09-08T09:33:48.114005+00:00,,"{""actionness_aux"": false, ""allow_global_zero"": true, ""axis"": ""ST"", ""backbone"": ""videomae_b"", ""budget"": 0.5, ""budget_mode"": ""fixed"", ""coarse_variant"": ""mean_shared"", ""cost_target"": ""traced_macs"", ""detail_probe_fraction"": 0.0, ""estimator"": ""pg_acquisition"", ""evidence_slots"": 4, ""exploration"": ""default"", ""fusion_variant"": ""residual"", ""geometry"": ""native_support"", ""head"": ""actionformer"", ""heavy_context"": ""parent16"", ""probe_every"": 32, ""query_length"": 768, ""quota"": ""global_zero_allowed"", ""receiver"": ""support_attention"", ""receiver_layers"": 2, ""roi_mode"": ""none"", ""rounds"": 1, ""route"": ""B"", ""route_refresh"": ""once"", ""scout_resolution"": 112, ""scout_temporal_stride"": 4, ""scout_width"": 128, ""selector"": ""hybrid"", ""source_resolution"": 160, ""spatial_group"": 2, ""temporal_atom_tubelets"": 1, ""tia_scope"": ""source_native"", ""warmup_epochs"": 6}"
tr-d0854ee7e296,tr-11630296f619,train,tr-d0854ee7e296,B_detail_probe,B,thumos14,0,b70ae056c495b43ca3f305fe438926b97b2723b5,BLOCKED,BLOCKED_IMPLEMENTATION,detail_probe_fraction=0.03125: implementation pending,,,0,NOT_RUN,"{""checkpoint_indexing"": ""zero_based"", ""diagnostic_completed_epochs"": [5, 20, 40, 60], ""saved_completed_epochs"": [5, 10, 15, 20, 25, 30, 35, 40, 45, 50, 55, 60], ""version"": ""audit-repair-20260908""}",2026-09-08T09:33:48.114005+00:00,,"{""actionness_aux"": false, ""allow_global_zero"": true, ""axis"": ""ST"", ""backbone"": ""videomae_b"", ""budget"": 0.5, ""budget_mode"": ""fixed"", ""coarse_variant"": ""mean_shared"", ""cost_target"": ""traced_macs"", ""detail_probe_fraction"": 0.03125, ""estimator"": ""pg_acquisition"", ""evidence_slots"": 4, ""exploration"": ""default"", ""fusion_variant"": ""residual"", ""geometry"": ""native_support"", ""head"": ""actionformer"", ""heavy_context"": ""parent16"", ""probe_every"": 32, ""query_length"": 768, ""quota"": ""global_zero_allowed"", ""receiver"": ""support_attention"", ""receiver_layers"": 2, ""roi_mode"": ""none"", ""rounds"": 1, ""route"": ""B"", ""route_refresh"": ""once"", ""scout_resolution"": 112, ""scout_temporal_stride"": 1, ""scout_width"": 128, ""selector"": ""hybrid"", ""source_resolution"": 160, ""spatial_group"": 2, ""temporal_atom_tubelets"": 1, ""tia_scope"": ""source_native"", ""warmup_epochs"": 6}"
tr-cf2270f7515c,tr-2e46a3bd354f,train,tr-cf2270f7515c,B_actionness_aux,B,thumos14,0,b70ae056c495b43ca3f305fe438926b97b2723b5,ACCEPTED_NOT_COMPLETION,DEFERRED_PRIORITY,,,,0,NOT_RUN,"{""checkpoint_indexing"": ""zero_based"", ""diagnostic_completed_epochs"": [5, 20, 40, 60], ""saved_completed_epochs"": [5, 10, 15, 20, 25, 30, 35, 40, 45, 50, 55, 60], ""version"": ""audit-repair-20260908""}",2026-09-08T09:33:48.114005+00:00,,"{""actionness_aux"": true, ""allow_global_zero"": true, ""axis"": ""ST"", ""backbone"": ""videomae_b"", ""budget"": 0.5, ""budget_mode"": ""fixed"", ""coarse_variant"": ""mean_shared"", ""cost_target"": ""traced_macs"", ""detail_probe_fraction"": 0.0, ""estimator"": ""pg_acquisition"", ""evidence_slots"": 4, ""exploration"": ""default"", ""fusion_variant"": ""residual"", ""geometry"": ""native_support"", ""head"": ""actionformer"", ""heavy_context"": ""parent16"", ""probe_every"": 32, ""query_length"": 768, ""quota"": ""global_zero_allowed"", ""receiver"": ""support_attention"", ""receiver_layers"": 2, ""roi_mode"": ""none"", ""rounds"": 1, ""route"": ""B"", ""route_refresh"": ""once"", ""scout_resolution"": 112, ""scout_temporal_stride"": 1, ""scout_width"": 128, ""selector"": ""hybrid"", ""source_resolution"": 160, ""spatial_group"": 2, ""temporal_atom_tubelets"": 1, ""tia_scope"": ""source_native"", ""warmup_epochs"": 6}"
tr-77fa65686977,tr-2483d959753a,train,tr-77fa65686977,A_est_pg,A,thumos14,0,b70ae056c495b43ca3f305fe438926b97b2723b5,ACCEPTED_NOT_COMPLETION,DEFERRED_PRIORITY,,,,0,NOT_RUN,"{""checkpoint_indexing"": ""zero_based"", ""diagnostic_completed_epochs"": [5, 20, 40, 60], ""saved_completed_epochs"": [5, 10, 15, 20, 25, 30, 35, 40, 45, 50, 55, 60], ""version"": ""audit-repair-20260908""}",2026-09-08T09:33:48.114005+00:00,,"{""actionness_aux"": false, ""allow_global_zero"": true, ""axis"": ""ST"", ""backbone"": ""videomae_b"", ""budget"": 0.5, ""budget_mode"": ""fixed"", ""coarse_variant"": ""mean_shared"", ""cost_target"": ""traced_macs"", ""detail_probe_fraction"": 0.0, ""estimator"": ""pg"", ""evidence_slots"": 4, ""exploration"": ""default"", ""fusion_variant"": ""residual"", ""geometry"": ""native_support"", ""head"": ""actionformer"", ""heavy_context"": ""parent16"", ""probe_every"": 0, ""query_length"": 768, ""quota"": ""global_zero_allowed"", ""receiver"": ""support_attention"", ""receiver_layers"": 2, ""roi_mode"": ""none"", ""rounds"": 1, ""route"": ""A"", ""route_refresh"": ""once"", ""scout_resolution"": 112, ""scout_temporal_stride"": 1, ""scout_width"": 128, ""selector"": ""hybrid"", ""source_resolution"": 160, ""spatial_group"": 2, ""temporal_atom_tubelets"": 1, ""tia_scope"": ""source_native"", ""warmup_epochs"": 6}"
tr-1056c3a932a5,tr-c0e8e69e046d,train,tr-1056c3a932a5,A_est_retention_gradient,A,thumos14,0,b70ae056c495b43ca3f305fe438926b97b2723b5,BLOCKED,BLOCKED_IMPLEMENTATION,estimator='retention_gradient': implementation pending,,,0,NOT_RUN,"{""checkpoint_indexing"": ""zero_based"", ""diagnostic_completed_epochs"": [5, 20, 40, 60], ""saved_completed_epochs"": [5, 10, 15, 20, 25, 30, 35, 40, 45, 50, 55, 60], ""version"": ""audit-repair-20260908""}",2026-09-08T09:33:48.114005+00:00,,"{""actionness_aux"": false, ""allow_global_zero"": true, ""axis"": ""ST"", ""backbone"": ""videomae_b"", ""budget"": 0.5, ""budget_mode"": ""fixed"", ""coarse_variant"": ""mean_shared"", ""cost_target"": ""traced_macs"", ""detail_probe_fraction"": 0.0, ""estimator"": ""retention_gradient"", ""evidence_slots"": 4, ""exploration"": ""default"", ""fusion_variant"": ""residual"", ""geometry"": ""native_support"", ""head"": ""actionformer"", ""heavy_context"": ""parent16"", ""probe_every"": 32, ""query_length"": 768, ""quota"": ""global_zero_allowed"", ""receiver"": ""support_attention"", ""receiver_layers"": 2, ""roi_mode"": ""none"", ""rounds"": 1, ""route"": ""A"", ""route_refresh"": ""once"", ""scout_resolution"": 112, ""scout_temporal_stride"": 1, ""scout_width"": 128, ""selector"": ""hybrid"", ""source_resolution"": 160, ""spatial_group"": 2, ""temporal_atom_tubelets"": 1, ""tia_scope"": ""source_native"", ""warmup_epochs"": 6}"
tr-ef8709cc57ad,tr-7d0e1a8bea28,train,tr-ef8709cc57ad,A_est_zero_gate_probe,A,thumos14,0,b70ae056c495b43ca3f305fe438926b97b2723b5,BLOCKED,BLOCKED_IMPLEMENTATION,estimator='zero_gate_probe': implementation pending,,,0,NOT_RUN,"{""checkpoint_indexing"": ""zero_based"", ""diagnostic_completed_epochs"": [5, 20, 40, 60], ""saved_completed_epochs"": [5, 10, 15, 20, 25, 30, 35, 40, 45, 50, 55, 60], ""version"": ""audit-repair-20260908""}",2026-09-08T09:33:48.114005+00:00,,"{""actionness_aux"": false, ""allow_global_zero"": true, ""axis"": ""ST"", ""backbone"": ""videomae_b"", ""budget"": 0.5, ""budget_mode"": ""fixed"", ""coarse_variant"": ""mean_shared"", ""cost_target"": ""traced_macs"", ""detail_probe_fraction"": 0.0, ""estimator"": ""zero_gate_probe"", ""evidence_slots"": 4, ""exploration"": ""default"", ""fusion_variant"": ""residual"", ""geometry"": ""native_support"", ""head"": ""actionformer"", ""heavy_context"": ""parent16"", ""probe_every"": 32, ""query_length"": 768, ""quota"": ""global_zero_allowed"", ""receiver"": ""support_attention"", ""receiver_layers"": 2, ""roi_mode"": ""none"", ""rounds"": 1, ""route"": ""A"", ""route_refresh"": ""once"", ""scout_resolution"": 112, ""scout_temporal_stride"": 1, ""scout_width"": 128, ""selector"": ""hybrid"", ""source_resolution"": 160, ""spatial_group"": 2, ""temporal_atom_tubelets"": 1, ""tia_scope"": ""source_native"", ""warmup_epochs"": 6}"
tr-abe2baf6cc10,tr-5d3080485e5e,train,tr-abe2baf6cc10,A_est_straight_through,A,thumos14,0,b70ae056c495b43ca3f305fe438926b97b2723b5,BLOCKED,BLOCKED_IMPLEMENTATION,estimator='straight_through': implementation pending,,,0,NOT_RUN,"{""checkpoint_indexing"": ""zero_based"", ""diagnostic_completed_epochs"": [5, 20, 40, 60], ""saved_completed_epochs"": [5, 10, 15, 20, 25, 30, 35, 40, 45, 50, 55, 60], ""version"": ""audit-repair-20260908""}",2026-09-08T09:33:48.114005+00:00,,"{""actionness_aux"": false, ""allow_global_zero"": true, ""axis"": ""ST"", ""backbone"": ""videomae_b"", ""budget"": 0.5, ""budget_mode"": ""fixed"", ""coarse_variant"": ""mean_shared"", ""cost_target"": ""traced_macs"", ""detail_probe_fraction"": 0.0, ""estimator"": ""straight_through"", ""evidence_slots"": 4, ""exploration"": ""default"", ""fusion_variant"": ""residual"", ""geometry"": ""native_support"", ""head"": ""actionformer"", ""heavy_context"": ""parent16"", ""probe_every"": 32, ""query_length"": 768, ""quota"": ""global_zero_allowed"", ""receiver"": ""support_attention"", ""receiver_layers"": 2, ""roi_mode"": ""none"", ""rounds"": 1, ""route"": ""A"", ""route_refresh"": ""once"", ""scout_resolution"": 112, ""scout_temporal_stride"": 1, ""scout_width"": 128, ""selector"": ""hybrid"", ""source_resolution"": 160, ""spatial_group"": 2, ""temporal_atom_tubelets"": 1, ""tia_scope"": ""source_native"", ""warmup_epochs"": 6}"
tr-45587251f97b,tr-4b9fffb5fdf4,train,tr-45587251f97b,A_explore_none,A,thumos14,0,b70ae056c495b43ca3f305fe438926b97b2723b5,ACCEPTED_NOT_COMPLETION,DEFERRED_PRIORITY,,,,0,NOT_RUN,"{""checkpoint_indexing"": ""zero_based"", ""diagnostic_completed_epochs"": [5, 20, 40, 60], ""saved_completed_epochs"": [5, 10, 15, 20, 25, 30, 35, 40, 45, 50, 55, 60], ""version"": ""audit-repair-20260908""}",2026-09-08T09:33:48.114005+00:00,,"{""actionness_aux"": false, ""allow_global_zero"": true, ""axis"": ""ST"", ""backbone"": ""videomae_b"", ""budget"": 0.5, ""budget_mode"": ""fixed"", ""coarse_variant"": ""mean_shared"", ""cost_target"": ""traced_macs"", ""detail_probe_fraction"": 0.0, ""estimator"": ""pg_acquisition"", ""evidence_slots"": 4, ""exploration"": ""none"", ""fusion_variant"": ""residual"", ""geometry"": ""native_support"", ""head"": ""actionformer"", ""heavy_context"": ""parent16"", ""probe_every"": 32, ""query_length"": 768, ""quota"": ""global_zero_allowed"", ""receiver"": ""support_attention"", ""receiver_layers"": 2, ""roi_mode"": ""none"", ""rounds"": 1, ""route"": ""A"", ""route_refresh"": ""once"", ""scout_resolution"": 112, ""scout_temporal_stride"": 1, ""scout_width"": 128, ""selector"": ""hybrid"", ""source_resolution"": 160, ""spatial_group"": 2, ""temporal_atom_tubelets"": 1, ""tia_scope"": ""source_native"", ""warmup_epochs"": 6}"
tr-08b3d61bc24d,tr-7390bb08e63e,train,tr-08b3d61bc24d,A_explore_constant_0.1,A,thumos14,0,b70ae056c495b43ca3f305fe438926b97b2723b5,ACCEPTED_NOT_COMPLETION,DEFERRED_PRIORITY,,,,0,NOT_RUN,"{""checkpoint_indexing"": ""zero_based"", ""diagnostic_completed_epochs"": [5, 20, 40, 60], ""saved_completed_epochs"": [5, 10, 15, 20, 25, 30, 35, 40, 45, 50, 55, 60], ""version"": ""audit-repair-20260908""}",2026-09-08T09:33:48.114005+00:00,,"{""actionness_aux"": false, ""allow_global_zero"": true, ""axis"": ""ST"", ""backbone"": ""videomae_b"", ""budget"": 0.5, ""budget_mode"": ""fixed"", ""coarse_variant"": ""mean_shared"", ""cost_target"": ""traced_macs"", ""detail_probe_fraction"": 0.0, ""estimator"": ""pg_acquisition"", ""evidence_slots"": 4, ""exploration"": ""constant_0.1"", ""fusion_variant"": ""residual"", ""geometry"": ""native_support"", ""head"": ""actionformer"", ""heavy_context"": ""parent16"", ""probe_every"": 32, ""query_length"": 768, ""quota"": ""global_zero_allowed"", ""receiver"": ""support_attention"", ""receiver_layers"": 2, ""roi_mode"": ""none"", ""rounds"": 1, ""route"": ""A"", ""route_refresh"": ""once"", ""scout_resolution"": 112, ""scout_temporal_stride"": 1, ""scout_width"": 128, ""selector"": ""hybrid"", ""source_resolution"": 160, ""spatial_group"": 2, ""temporal_atom_tubelets"": 1, ""tia_scope"": ""source_native"", ""warmup_epochs"": 6}"
tr-bc87b71e1288,tr-19a2998312e0,train,tr-bc87b71e1288,A_explore_constant_0.5,A,thumos14,0,b70ae056c495b43ca3f305fe438926b97b2723b5,ACCEPTED_NOT_COMPLETION,DEFERRED_PRIORITY,,,,0,NOT_RUN,"{""checkpoint_indexing"": ""zero_based"", ""diagnostic_completed_epochs"": [5, 20, 40, 60], ""saved_completed_epochs"": [5, 10, 15, 20, 25, 30, 35, 40, 45, 50, 55, 60], ""version"": ""audit-repair-20260908""}",2026-09-08T09:33:48.114005+00:00,,"{""actionness_aux"": false, ""allow_global_zero"": true, ""axis"": ""ST"", ""backbone"": ""videomae_b"", ""budget"": 0.5, ""budget_mode"": ""fixed"", ""coarse_variant"": ""mean_shared"", ""cost_target"": ""traced_macs"", ""detail_probe_fraction"": 0.0, ""estimator"": ""pg_acquisition"", ""evidence_slots"": 4, ""exploration"": ""constant_0.5"", ""fusion_variant"": ""residual"", ""geometry"": ""native_support"", ""head"": ""actionformer"", ""heavy_context"": ""parent16"", ""probe_every"": 32, ""query_length"": 768, ""quota"": ""global_zero_allowed"", ""receiver"": ""support_attention"", ""receiver_layers"": 2, ""roi_mode"": ""none"", ""rounds"": 1, ""route"": ""A"", ""route_refresh"": ""once"", ""scout_resolution"": 112, ""scout_temporal_stride"": 1, ""scout_width"": 128, ""selector"": ""hybrid"", ""source_resolution"": 160, ""spatial_group"": 2, ""temporal_atom_tubelets"": 1, ""tia_scope"": ""source_native"", ""warmup_epochs"": 6}"
tr-5fd4a0a57eb9,tr-43d0f3a777b0,train,tr-5fd4a0a57eb9,A_probe_every8,A,thumos14,0,b70ae056c495b43ca3f305fe438926b97b2723b5,ACCEPTED_NOT_COMPLETION,DEFERRED_PRIORITY,,,,0,NOT_RUN,"{""checkpoint_indexing"": ""zero_based"", ""diagnostic_completed_epochs"": [5, 20, 40, 60], ""saved_completed_epochs"": [5, 10, 15, 20, 25, 30, 35, 40, 45, 50, 55, 60], ""version"": ""audit-repair-20260908""}",2026-09-08T09:33:48.114005+00:00,,"{""actionness_aux"": false, ""allow_global_zero"": true, ""axis"": ""ST"", ""backbone"": ""videomae_b"", ""budget"": 0.5, ""budget_mode"": ""fixed"", ""coarse_variant"": ""mean_shared"", ""cost_target"": ""traced_macs"", ""detail_probe_fraction"": 0.0, ""estimator"": ""pg_acquisition"", ""evidence_slots"": 4, ""exploration"": ""default"", ""fusion_variant"": ""residual"", ""geometry"": ""native_support"", ""head"": ""actionformer"", ""heavy_context"": ""parent16"", ""probe_every"": 8, ""query_length"": 768, ""quota"": ""global_zero_allowed"", ""receiver"": ""support_attention"", ""receiver_layers"": 2, ""roi_mode"": ""none"", ""rounds"": 1, ""route"": ""A"", ""route_refresh"": ""once"", ""scout_resolution"": 112, ""scout_temporal_stride"": 1, ""scout_width"": 128, ""selector"": ""hybrid"", ""source_resolution"": 160, ""spatial_group"": 2, ""temporal_atom_tubelets"": 1, ""tia_scope"": ""source_native"", ""warmup_epochs"": 6}"
tr-ead08d9aa80b,tr-614dfea94b1e,train,tr-ead08d9aa80b,A_probe_every128,A,thumos14,0,b70ae056c495b43ca3f305fe438926b97b2723b5,ACCEPTED_NOT_COMPLETION,DEFERRED_PRIORITY,,,,0,NOT_RUN,"{""checkpoint_indexing"": ""zero_based"", ""diagnostic_completed_epochs"": [5, 20, 40, 60], ""saved_completed_epochs"": [5, 10, 15, 20, 25, 30, 35, 40, 45, 50, 55, 60], ""version"": ""audit-repair-20260908""}",2026-09-08T09:33:48.114005+00:00,,"{""actionness_aux"": false, ""allow_global_zero"": true, ""axis"": ""ST"", ""backbone"": ""videomae_b"", ""budget"": 0.5, ""budget_mode"": ""fixed"", ""coarse_variant"": ""mean_shared"", ""cost_target"": ""traced_macs"", ""detail_probe_fraction"": 0.0, ""estimator"": ""pg_acquisition"", ""evidence_slots"": 4, ""exploration"": ""default"", ""fusion_variant"": ""residual"", ""geometry"": ""native_support"", ""head"": ""actionformer"", ""heavy_context"": ""parent16"", ""probe_every"": 128, ""query_length"": 768, ""quota"": ""global_zero_allowed"", ""receiver"": ""support_attention"", ""receiver_layers"": 2, ""roi_mode"": ""none"", ""rounds"": 1, ""route"": ""A"", ""route_refresh"": ""once"", ""scout_resolution"": 112, ""scout_temporal_stride"": 1, ""scout_width"": 128, ""selector"": ""hybrid"", ""source_resolution"": 160, ""spatial_group"": 2, ""temporal_atom_tubelets"": 1, ""tia_scope"": ""source_native"", ""warmup_epochs"": 6}"
tr-c1967f5f8baa,tr-29090a5df7b5,train,tr-c1967f5f8baa,A_warmup0,A,thumos14,0,b70ae056c495b43ca3f305fe438926b97b2723b5,ACCEPTED_NOT_COMPLETION,DEFERRED_PRIORITY,,,,0,NOT_RUN,"{""checkpoint_indexing"": ""zero_based"", ""diagnostic_completed_epochs"": [5, 20, 40, 60], ""saved_completed_epochs"": [5, 10, 15, 20, 25, 30, 35, 40, 45, 50, 55, 60], ""version"": ""audit-repair-20260908""}",2026-09-08T09:33:48.114005+00:00,,"{""actionness_aux"": false, ""allow_global_zero"": true, ""axis"": ""ST"", ""backbone"": ""videomae_b"", ""budget"": 0.5, ""budget_mode"": ""fixed"", ""coarse_variant"": ""mean_shared"", ""cost_target"": ""traced_macs"", ""detail_probe_fraction"": 0.0, ""estimator"": ""pg_acquisition"", ""evidence_slots"": 4, ""exploration"": ""default"", ""fusion_variant"": ""residual"", ""geometry"": ""native_support"", ""head"": ""actionformer"", ""heavy_context"": ""parent16"", ""probe_every"": 32, ""query_length"": 768, ""quota"": ""global_zero_allowed"", ""receiver"": ""support_attention"", ""receiver_layers"": 2, ""roi_mode"": ""none"", ""rounds"": 1, ""route"": ""A"", ""route_refresh"": ""once"", ""scout_resolution"": 112, ""scout_temporal_stride"": 1, ""scout_width"": 128, ""selector"": ""hybrid"", ""source_resolution"": 160, ""spatial_group"": 2, ""temporal_atom_tubelets"": 1, ""tia_scope"": ""source_native"", ""warmup_epochs"": 0}"
tr-7c1004e7aebf,tr-232963ad0f43,train,tr-7c1004e7aebf,B_est_pg,B,thumos14,0,b70ae056c495b43ca3f305fe438926b97b2723b5,ACCEPTED_NOT_COMPLETION,DEFERRED_PRIORITY,,,,0,NOT_RUN,"{""checkpoint_indexing"": ""zero_based"", ""diagnostic_completed_epochs"": [5, 20, 40, 60], ""saved_completed_epochs"": [5, 10, 15, 20, 25, 30, 35, 40, 45, 50, 55, 60], ""version"": ""audit-repair-20260908""}",2026-09-08T09:33:48.114005+00:00,,"{""actionness_aux"": false, ""allow_global_zero"": true, ""axis"": ""ST"", ""backbone"": ""videomae_b"", ""budget"": 0.5, ""budget_mode"": ""fixed"", ""coarse_variant"": ""mean_shared"", ""cost_target"": ""traced_macs"", ""detail_probe_fraction"": 0.0, ""estimator"": ""pg"", ""evidence_slots"": 4, ""exploration"": ""default"", ""fusion_variant"": ""residual"", ""geometry"": ""native_support"", ""head"": ""actionformer"", ""heavy_context"": ""parent16"", ""probe_every"": 0, ""query_length"": 768, ""quota"": ""global_zero_allowed"", ""receiver"": ""support_attention"", ""receiver_layers"": 2, ""roi_mode"": ""none"", ""rounds"": 1, ""route"": ""B"", ""route_refresh"": ""once"", ""scout_resolution"": 112, ""scout_temporal_stride"": 1, ""scout_width"": 128, ""selector"": ""hybrid"", ""source_resolution"": 160, ""spatial_group"": 2, ""temporal_atom_tubelets"": 1, ""tia_scope"": ""source_native"", ""warmup_epochs"": 6}"
tr-63b106b338d0,tr-d95f228289f5,train,tr-63b106b338d0,B_est_retention_gradient,B,thumos14,0,b70ae056c495b43ca3f305fe438926b97b2723b5,BLOCKED,BLOCKED_IMPLEMENTATION,estimator='retention_gradient': implementation pending,,,0,NOT_RUN,"{""checkpoint_indexing"": ""zero_based"", ""diagnostic_completed_epochs"": [5, 20, 40, 60], ""saved_completed_epochs"": [5, 10, 15, 20, 25, 30, 35, 40, 45, 50, 55, 60], ""version"": ""audit-repair-20260908""}",2026-09-08T09:33:48.114005+00:00,,"{""actionness_aux"": false, ""allow_global_zero"": true, ""axis"": ""ST"", ""backbone"": ""videomae_b"", ""budget"": 0.5, ""budget_mode"": ""fixed"", ""coarse_variant"": ""mean_shared"", ""cost_target"": ""traced_macs"", ""detail_probe_fraction"": 0.0, ""estimator"": ""retention_gradient"", ""evidence_slots"": 4, ""exploration"": ""default"", ""fusion_variant"": ""residual"", ""geometry"": ""native_support"", ""head"": ""actionformer"", ""heavy_context"": ""parent16"", ""probe_every"": 32, ""query_length"": 768, ""quota"": ""global_zero_allowed"", ""receiver"": ""support_attention"", ""receiver_layers"": 2, ""roi_mode"": ""none"", ""rounds"": 1, ""route"": ""B"", ""route_refresh"": ""once"", ""scout_resolution"": 112, ""scout_temporal_stride"": 1, ""scout_width"": 128, ""selector"": ""hybrid"", ""source_resolution"": 160, ""spatial_group"": 2, ""temporal_atom_tubelets"": 1, ""tia_scope"": ""source_native"", ""warmup_epochs"": 6}"
tr-ffe2d4a5ded8,tr-0fffcd1de428,train,tr-ffe2d4a5ded8,B_est_zero_gate_probe,B,thumos14,0,b70ae056c495b43ca3f305fe438926b97b2723b5,BLOCKED,BLOCKED_IMPLEMENTATION,estimator='zero_gate_probe': implementation pending,,,0,NOT_RUN,"{""checkpoint_indexing"": ""zero_based"", ""diagnostic_completed_epochs"": [5, 20, 40, 60], ""saved_completed_epochs"": [5, 10, 15, 20, 25, 30, 35, 40, 45, 50, 55, 60], ""version"": ""audit-repair-20260908""}",2026-09-08T09:33:48.114005+00:00,,"{""actionness_aux"": false, ""allow_global_zero"": true, ""axis"": ""ST"", ""backbone"": ""videomae_b"", ""budget"": 0.5, ""budget_mode"": ""fixed"", ""coarse_variant"": ""mean_shared"", ""cost_target"": ""traced_macs"", ""detail_probe_fraction"": 0.0, ""estimator"": ""zero_gate_probe"", ""evidence_slots"": 4, ""exploration"": ""default"", ""fusion_variant"": ""residual"", ""geometry"": ""native_support"", ""head"": ""actionformer"", ""heavy_context"": ""parent16"", ""probe_every"": 32, ""query_length"": 768, ""quota"": ""global_zero_allowed"", ""receiver"": ""support_attention"", ""receiver_layers"": 2, ""roi_mode"": ""none"", ""rounds"": 1, ""route"": ""B"", ""route_refresh"": ""once"", ""scout_resolution"": 112, ""scout_temporal_stride"": 1, ""scout_width"": 128, ""selector"": ""hybrid"", ""source_resolution"": 160, ""spatial_group"": 2, ""temporal_atom_tubelets"": 1, ""tia_scope"": ""source_native"", ""warmup_epochs"": 6}"
tr-53e41becb390,tr-3c016a83115d,train,tr-53e41becb390,B_est_straight_through,B,thumos14,0,b70ae056c495b43ca3f305fe438926b97b2723b5,BLOCKED,BLOCKED_IMPLEMENTATION,estimator='straight_through': implementation pending,,,0,NOT_RUN,"{""checkpoint_indexing"": ""zero_based"", ""diagnostic_completed_epochs"": [5, 20, 40, 60], ""saved_completed_epochs"": [5, 10, 15, 20, 25, 30, 35, 40, 45, 50, 55, 60], ""version"": ""audit-repair-20260908""}",2026-09-08T09:33:48.114005+00:00,,"{""actionness_aux"": false, ""allow_global_zero"": true, ""axis"": ""ST"", ""backbone"": ""videomae_b"", ""budget"": 0.5, ""budget_mode"": ""fixed"", ""coarse_variant"": ""mean_shared"", ""cost_target"": ""traced_macs"", ""detail_probe_fraction"": 0.0, ""estimator"": ""straight_through"", ""evidence_slots"": 4, ""exploration"": ""default"", ""fusion_variant"": ""residual"", ""geometry"": ""native_support"", ""head"": ""actionformer"", ""heavy_context"": ""parent16"", ""probe_every"": 32, ""query_length"": 768, ""quota"": ""global_zero_allowed"", ""receiver"": ""support_attention"", ""receiver_layers"": 2, ""roi_mode"": ""none"", ""rounds"": 1, ""route"": ""B"", ""route_refresh"": ""once"", ""scout_resolution"": 112, ""scout_temporal_stride"": 1, ""scout_width"": 128, ""selector"": ""hybrid"", ""source_resolution"": 160, ""spatial_group"": 2, ""temporal_atom_tubelets"": 1, ""tia_scope"": ""source_native"", ""warmup_epochs"": 6}"
tr-950adc3e1fbd,tr-1debef2b8756,train,tr-950adc3e1fbd,B_explore_none,B,thumos14,0,b70ae056c495b43ca3f305fe438926b97b2723b5,ACCEPTED_NOT_COMPLETION,DEFERRED_PRIORITY,,,,0,NOT_RUN,"{""checkpoint_indexing"": ""zero_based"", ""diagnostic_completed_epochs"": [5, 20, 40, 60], ""saved_completed_epochs"": [5, 10, 15, 20, 25, 30, 35, 40, 45, 50, 55, 60], ""version"": ""audit-repair-20260908""}",2026-09-08T09:33:48.114005+00:00,,"{""actionness_aux"": false, ""allow_global_zero"": true, ""axis"": ""ST"", ""backbone"": ""videomae_b"", ""budget"": 0.5, ""budget_mode"": ""fixed"", ""coarse_variant"": ""mean_shared"", ""cost_target"": ""traced_macs"", ""detail_probe_fraction"": 0.0, ""estimator"": ""pg_acquisition"", ""evidence_slots"": 4, ""exploration"": ""none"", ""fusion_variant"": ""residual"", ""geometry"": ""native_support"", ""head"": ""actionformer"", ""heavy_context"": ""parent16"", ""probe_every"": 32, ""query_length"": 768, ""quota"": ""global_zero_allowed"", ""receiver"": ""support_attention"", ""receiver_layers"": 2, ""roi_mode"": ""none"", ""rounds"": 1, ""route"": ""B"", ""route_refresh"": ""once"", ""scout_resolution"": 112, ""scout_temporal_stride"": 1, ""scout_width"": 128, ""selector"": ""hybrid"", ""source_resolution"": 160, ""spatial_group"": 2, ""temporal_atom_tubelets"": 1, ""tia_scope"": ""source_native"", ""warmup_epochs"": 6}"
tr-8dc377aa925a,tr-3c08d2e3284d,train,tr-8dc377aa925a,B_explore_constant_0.1,B,thumos14,0,b70ae056c495b43ca3f305fe438926b97b2723b5,ACCEPTED_NOT_COMPLETION,DEFERRED_PRIORITY,,,,0,NOT_RUN,"{""checkpoint_indexing"": ""zero_based"", ""diagnostic_completed_epochs"": [5, 20, 40, 60], ""saved_completed_epochs"": [5, 10, 15, 20, 25, 30, 35, 40, 45, 50, 55, 60], ""version"": ""audit-repair-20260908""}",2026-09-08T09:33:48.114005+00:00,,"{""actionness_aux"": false, ""allow_global_zero"": true, ""axis"": ""ST"", ""backbone"": ""videomae_b"", ""budget"": 0.5, ""budget_mode"": ""fixed"", ""coarse_variant"": ""mean_shared"", ""cost_target"": ""traced_macs"", ""detail_probe_fraction"": 0.0, ""estimator"": ""pg_acquisition"", ""evidence_slots"": 4, ""exploration"": ""constant_0.1"", ""fusion_variant"": ""residual"", ""geometry"": ""native_support"", ""head"": ""actionformer"", ""heavy_context"": ""parent16"", ""probe_every"": 32, ""query_length"": 768, ""quota"": ""global_zero_allowed"", ""receiver"": ""support_attention"", ""receiver_layers"": 2, ""roi_mode"": ""none"", ""rounds"": 1, ""route"": ""B"", ""route_refresh"": ""once"", ""scout_resolution"": 112, ""scout_temporal_stride"": 1, ""scout_width"": 128, ""selector"": ""hybrid"", ""source_resolution"": 160, ""spatial_group"": 2, ""temporal_atom_tubelets"": 1, ""tia_scope"": ""source_native"", ""warmup_epochs"": 6}"
tr-c15a3e9c4fd3,tr-0948bac79ee9,train,tr-c15a3e9c4fd3,B_explore_constant_0.5,B,thumos14,0,b70ae056c495b43ca3f305fe438926b97b2723b5,ACCEPTED_NOT_COMPLETION,DEFERRED_PRIORITY,,,,0,NOT_RUN,"{""checkpoint_indexing"": ""zero_based"", ""diagnostic_completed_epochs"": [5, 20, 40, 60], ""saved_completed_epochs"": [5, 10, 15, 20, 25, 30, 35, 40, 45, 50, 55, 60], ""version"": ""audit-repair-20260908""}",2026-09-08T09:33:48.114005+00:00,,"{""actionness_aux"": false, ""allow_global_zero"": true, ""axis"": ""ST"", ""backbone"": ""videomae_b"", ""budget"": 0.5, ""budget_mode"": ""fixed"", ""coarse_variant"": ""mean_shared"", ""cost_target"": ""traced_macs"", ""detail_probe_fraction"": 0.0, ""estimator"": ""pg_acquisition"", ""evidence_slots"": 4, ""exploration"": ""constant_0.5"", ""fusion_variant"": ""residual"", ""geometry"": ""native_support"", ""head"": ""actionformer"", ""heavy_context"": ""parent16"", ""probe_every"": 32, ""query_length"": 768, ""quota"": ""global_zero_allowed"", ""receiver"": ""support_attention"", ""receiver_layers"": 2, ""roi_mode"": ""none"", ""rounds"": 1, ""route"": ""B"", ""route_refresh"": ""once"", ""scout_resolution"": 112, ""scout_temporal_stride"": 1, ""scout_width"": 128, ""selector"": ""hybrid"", ""source_resolution"": 160, ""spatial_group"": 2, ""temporal_atom_tubelets"": 1, ""tia_scope"": ""source_native"", ""warmup_epochs"": 6}"
tr-24427d22aa40,tr-55a5edc637e6,train,tr-24427d22aa40,B_probe_every8,B,thumos14,0,b70ae056c495b43ca3f305fe438926b97b2723b5,ACCEPTED_NOT_COMPLETION,DEFERRED_PRIORITY,,,,0,NOT_RUN,"{""checkpoint_indexing"": ""zero_based"", ""diagnostic_completed_epochs"": [5, 20, 40, 60], ""saved_completed_epochs"": [5, 10, 15, 20, 25, 30, 35, 40, 45, 50, 55, 60], ""version"": ""audit-repair-20260908""}",2026-09-08T09:33:48.114005+00:00,,"{""actionness_aux"": false, ""allow_global_zero"": true, ""axis"": ""ST"", ""backbone"": ""videomae_b"", ""budget"": 0.5, ""budget_mode"": ""fixed"", ""coarse_variant"": ""mean_shared"", ""cost_target"": ""traced_macs"", ""detail_probe_fraction"": 0.0, ""estimator"": ""pg_acquisition"", ""evidence_slots"": 4, ""exploration"": ""default"", ""fusion_variant"": ""residual"", ""geometry"": ""native_support"", ""head"": ""actionformer"", ""heavy_context"": ""parent16"", ""probe_every"": 8, ""query_length"": 768, ""quota"": ""global_zero_allowed"", ""receiver"": ""support_attention"", ""receiver_layers"": 2, ""roi_mode"": ""none"", ""rounds"": 1, ""route"": ""B"", ""route_refresh"": ""once"", ""scout_resolution"": 112, ""scout_temporal_stride"": 1, ""scout_width"": 128, ""selector"": ""hybrid"", ""source_resolution"": 160, ""spatial_group"": 2, ""temporal_atom_tubelets"": 1, ""tia_scope"": ""source_native"", ""warmup_epochs"": 6}"
tr-c1dec281de9f,tr-7fc642613e23,train,tr-c1dec281de9f,B_probe_every128,B,thumos14,0,b70ae056c495b43ca3f305fe438926b97b2723b5,ACCEPTED_NOT_COMPLETION,DEFERRED_PRIORITY,,,,0,NOT_RUN,"{""checkpoint_indexing"": ""zero_based"", ""diagnostic_completed_epochs"": [5, 20, 40, 60], ""saved_completed_epochs"": [5, 10, 15, 20, 25, 30, 35, 40, 45, 50, 55, 60], ""version"": ""audit-repair-20260908""}",2026-09-08T09:33:48.114005+00:00,,"{""actionness_aux"": false, ""allow_global_zero"": true, ""axis"": ""ST"", ""backbone"": ""videomae_b"", ""budget"": 0.5, ""budget_mode"": ""fixed"", ""coarse_variant"": ""mean_shared"", ""cost_target"": ""traced_macs"", ""detail_probe_fraction"": 0.0, ""estimator"": ""pg_acquisition"", ""evidence_slots"": 4, ""exploration"": ""default"", ""fusion_variant"": ""residual"", ""geometry"": ""native_support"", ""head"": ""actionformer"", ""heavy_context"": ""parent16"", ""probe_every"": 128, ""query_length"": 768, ""quota"": ""global_zero_allowed"", ""receiver"": ""support_attention"", ""receiver_layers"": 2, ""roi_mode"": ""none"", ""rounds"": 1, ""route"": ""B"", ""route_refresh"": ""once"", ""scout_resolution"": 112, ""scout_temporal_stride"": 1, ""scout_width"": 128, ""selector"": ""hybrid"", ""source_resolution"": 160, ""spatial_group"": 2, ""temporal_atom_tubelets"": 1, ""tia_scope"": ""source_native"", ""warmup_epochs"": 6}"
tr-f49f4f688411,tr-22a6dc013651,train,tr-f49f4f688411,B_warmup0,B,thumos14,0,b70ae056c495b43ca3f305fe438926b97b2723b5,ACCEPTED_NOT_COMPLETION,DEFERRED_PRIORITY,,,,0,NOT_RUN,"{""checkpoint_indexing"": ""zero_based"", ""diagnostic_completed_epochs"": [5, 20, 40, 60], ""saved_completed_epochs"": [5, 10, 15, 20, 25, 30, 35, 40, 45, 50, 55, 60], ""version"": ""audit-repair-20260908""}",2026-09-08T09:33:48.114005+00:00,,"{""actionness_aux"": false, ""allow_global_zero"": true, ""axis"": ""ST"", ""backbone"": ""videomae_b"", ""budget"": 0.5, ""budget_mode"": ""fixed"", ""coarse_variant"": ""mean_shared"", ""cost_target"": ""traced_macs"", ""detail_probe_fraction"": 0.0, ""estimator"": ""pg_acquisition"", ""evidence_slots"": 4, ""exploration"": ""default"", ""fusion_variant"": ""residual"", ""geometry"": ""native_support"", ""head"": ""actionformer"", ""heavy_context"": ""parent16"", ""probe_every"": 32, ""query_length"": 768, ""quota"": ""global_zero_allowed"", ""receiver"": ""support_attention"", ""receiver_layers"": 2, ""roi_mode"": ""none"", ""rounds"": 1, ""route"": ""B"", ""route_refresh"": ""once"", ""scout_resolution"": 112, ""scout_temporal_stride"": 1, ""scout_width"": 128, ""selector"": ""hybrid"", ""source_resolution"": 160, ""spatial_group"": 2, ""temporal_atom_tubelets"": 1, ""tia_scope"": ""source_native"", ""warmup_epochs"": 0}"
tr-69f818f2784f,tr-c2c578494c9d,train,tr-69f818f2784f,B_factor_T1.0_S224,B,thumos14,0,b70ae056c495b43ca3f305fe438926b97b2723b5,ACCEPTED_NOT_COMPLETION,DEFERRED_PRIORITY,,,,0,NOT_RUN,"{""checkpoint_indexing"": ""zero_based"", ""diagnostic_completed_epochs"": [5, 20, 40, 60], ""saved_completed_epochs"": [5, 10, 15, 20, 25, 30, 35, 40, 45, 50, 55, 60], ""version"": ""audit-repair-20260908""}",2026-09-08T09:33:48.114005+00:00,,"{""actionness_aux"": false, ""allow_global_zero"": true, ""axis"": ""T"", ""backbone"": ""videomae_b"", ""budget"": 1.0, ""budget_mode"": ""fixed"", ""coarse_variant"": ""mean_shared"", ""cost_target"": ""traced_macs"", ""detail_probe_fraction"": 0.0, ""estimator"": ""none"", ""evidence_slots"": 4, ""exploration"": ""default"", ""fusion_variant"": ""residual"", ""geometry"": ""native_support"", ""head"": ""actionformer"", ""heavy_context"": ""parent16"", ""probe_every"": 0, ""query_length"": 768, ""quota"": ""global_zero_allowed"", ""receiver"": ""support_attention"", ""receiver_layers"": 2, ""roi_mode"": ""none"", ""rounds"": 1, ""route"": ""B"", ""route_refresh"": ""once"", ""scout_resolution"": 112, ""scout_temporal_stride"": 1, ""scout_width"": 128, ""selector"": ""none"", ""source_resolution"": 224, ""spatial_group"": 2, ""temporal_atom_tubelets"": 1, ""tia_scope"": ""source_native"", ""warmup_epochs"": 6}"
tr-9bb42f3c8985,tr-1922175fc118,train,tr-9bb42f3c8985,B_factor_T0.5_S224,B,thumos14,0,b70ae056c495b43ca3f305fe438926b97b2723b5,ACCEPTED_NOT_COMPLETION,DEFERRED_PRIORITY,,,,0,NOT_RUN,"{""checkpoint_indexing"": ""zero_based"", ""diagnostic_completed_epochs"": [5, 20, 40, 60], ""saved_completed_epochs"": [5, 10, 15, 20, 25, 30, 35, 40, 45, 50, 55, 60], ""version"": ""audit-repair-20260908""}",2026-09-08T09:33:48.114005+00:00,,"{""actionness_aux"": false, ""allow_global_zero"": true, ""axis"": ""T"", ""backbone"": ""videomae_b"", ""budget"": 0.5, ""budget_mode"": ""fixed"", ""coarse_variant"": ""mean_shared"", ""cost_target"": ""traced_macs"", ""detail_probe_fraction"": 0.0, ""estimator"": ""pg_acquisition"", ""evidence_slots"": 4, ""exploration"": ""default"", ""fusion_variant"": ""residual"", ""geometry"": ""native_support"", ""head"": ""actionformer"", ""heavy_context"": ""parent16"", ""probe_every"": 32, ""query_length"": 768, ""quota"": ""global_zero_allowed"", ""receiver"": ""support_attention"", ""receiver_layers"": 2, ""roi_mode"": ""none"", ""rounds"": 1, ""route"": ""B"", ""route_refresh"": ""once"", ""scout_resolution"": 112, ""scout_temporal_stride"": 1, ""scout_width"": 128, ""selector"": ""hybrid"", ""source_resolution"": 224, ""spatial_group"": 2, ""temporal_atom_tubelets"": 1, ""tia_scope"": ""source_native"", ""warmup_epochs"": 6}"
tr-f5c79f322d7a,tr-55fb601ec01e,train,tr-f5c79f322d7a,B_factor_T1.0_S112,B,thumos14,0,b70ae056c495b43ca3f305fe438926b97b2723b5,ACCEPTED_NOT_COMPLETION,DEFERRED_PRIORITY,,,,0,NOT_RUN,"{""checkpoint_indexing"": ""zero_based"", ""diagnostic_completed_epochs"": [5, 20, 40, 60], ""saved_completed_epochs"": [5, 10, 15, 20, 25, 30, 35, 40, 45, 50, 55, 60], ""version"": ""audit-repair-20260908""}",2026-09-08T09:33:48.114005+00:00,,"{""actionness_aux"": false, ""allow_global_zero"": true, ""axis"": ""T"", ""backbone"": ""videomae_b"", ""budget"": 1.0, ""budget_mode"": ""fixed"", ""coarse_variant"": ""mean_shared"", ""cost_target"": ""traced_macs"", ""detail_probe_fraction"": 0.0, ""estimator"": ""none"", ""evidence_slots"": 4, ""exploration"": ""default"", ""fusion_variant"": ""residual"", ""geometry"": ""native_support"", ""head"": ""actionformer"", ""heavy_context"": ""parent16"", ""probe_every"": 0, ""query_length"": 768, ""quota"": ""global_zero_allowed"", ""receiver"": ""support_attention"", ""receiver_layers"": 2, ""roi_mode"": ""none"", ""rounds"": 1, ""route"": ""B"", ""route_refresh"": ""once"", ""scout_resolution"": 112, ""scout_temporal_stride"": 1, ""scout_width"": 128, ""selector"": ""none"", ""source_resolution"": 112, ""spatial_group"": 2, ""temporal_atom_tubelets"": 1, ""tia_scope"": ""source_native"", ""warmup_epochs"": 6}"
tr-ff11af6221e2,tr-5ceed0119bc7,train,tr-ff11af6221e2,B_factor_T0.5_S112,B,thumos14,0,b70ae056c495b43ca3f305fe438926b97b2723b5,ACCEPTED_NOT_COMPLETION,DEFERRED_PRIORITY,,,,0,NOT_RUN,"{""checkpoint_indexing"": ""zero_based"", ""diagnostic_completed_epochs"": [5, 20, 40, 60], ""saved_completed_epochs"": [5, 10, 15, 20, 25, 30, 35, 40, 45, 50, 55, 60], ""version"": ""audit-repair-20260908""}",2026-09-08T09:33:48.114005+00:00,,"{""actionness_aux"": false, ""allow_global_zero"": true, ""axis"": ""T"", ""backbone"": ""videomae_b"", ""budget"": 0.5, ""budget_mode"": ""fixed"", ""coarse_variant"": ""mean_shared"", ""cost_target"": ""traced_macs"", ""detail_probe_fraction"": 0.0, ""estimator"": ""pg_acquisition"", ""evidence_slots"": 4, ""exploration"": ""default"", ""fusion_variant"": ""residual"", ""geometry"": ""native_support"", ""head"": ""actionformer"", ""heavy_context"": ""parent16"", ""probe_every"": 32, ""query_length"": 768, ""quota"": ""global_zero_allowed"", ""receiver"": ""support_attention"", ""receiver_layers"": 2, ""roi_mode"": ""none"", ""rounds"": 1, ""route"": ""B"", ""route_refresh"": ""once"", ""scout_resolution"": 112, ""scout_temporal_stride"": 1, ""scout_width"": 128, ""selector"": ""hybrid"", ""source_resolution"": 112, ""spatial_group"": 2, ""temporal_atom_tubelets"": 1, ""tia_scope"": ""source_native"", ""warmup_epochs"": 6}"
tr-49e57b3d93b1,tr-7f11939e463c,train,tr-49e57b3d93b1,B_roi1_size112,B,thumos14,0,b70ae056c495b43ca3f305fe438926b97b2723b5,BLOCKED,BLOCKED_IMPLEMENTATION,roi_mode='source_crop': implementation pending; roi_count: registered extension pending; roi_size: registered extension pending; roi_trajectory: registered extension pending,,,0,NOT_RUN,"{""checkpoint_indexing"": ""zero_based"", ""diagnostic_completed_epochs"": [5, 20, 40, 60], ""saved_completed_epochs"": [5, 10, 15, 20, 25, 30, 35, 40, 45, 50, 55, 60], ""version"": ""audit-repair-20260908""}",2026-09-08T09:33:48.114005+00:00,,"{""actionness_aux"": false, ""allow_global_zero"": true, ""axis"": ""T"", ""backbone"": ""videomae_b"", ""budget"": 0.5, ""budget_mode"": ""fixed"", ""coarse_variant"": ""mean_shared"", ""cost_target"": ""traced_macs"", ""detail_probe_fraction"": 0.0, ""estimator"": ""pg_acquisition"", ""evidence_slots"": 4, ""exploration"": ""default"", ""fusion_variant"": ""residual"", ""geometry"": ""native_support"", ""head"": ""actionformer"", ""heavy_context"": ""parent16"", ""probe_every"": 32, ""query_length"": 768, ""quota"": ""global_zero_allowed"", ""receiver"": ""support_attention"", ""receiver_layers"": 2, ""roi_count"": 1, ""roi_mode"": ""source_crop"", ""roi_size"": 112, ""roi_trajectory"": ""tubelet_constant"", ""rounds"": 1, ""route"": ""B"", ""route_refresh"": ""once"", ""scout_resolution"": 112, ""scout_temporal_stride"": 1, ""scout_width"": 128, ""selector"": ""hybrid"", ""source_resolution"": 160, ""spatial_group"": 2, ""temporal_atom_tubelets"": 1, ""tia_scope"": ""source_native"", ""warmup_epochs"": 6}"
tr-78665eb10de5,tr-4179ae90fb1f,train,tr-78665eb10de5,B_roi2_size112,B,thumos14,0,b70ae056c495b43ca3f305fe438926b97b2723b5,BLOCKED,BLOCKED_IMPLEMENTATION,roi_mode='source_crop': implementation pending; roi_count: registered extension pending; roi_size: registered extension pending; roi_trajectory: registered extension pending,,,0,NOT_RUN,"{""checkpoint_indexing"": ""zero_based"", ""diagnostic_completed_epochs"": [5, 20, 40, 60], ""saved_completed_epochs"": [5, 10, 15, 20, 25, 30, 35, 40, 45, 50, 55, 60], ""version"": ""audit-repair-20260908""}",2026-09-08T09:33:48.114005+00:00,,"{""actionness_aux"": false, ""allow_global_zero"": true, ""axis"": ""T"", ""backbone"": ""videomae_b"", ""budget"": 0.5, ""budget_mode"": ""fixed"", ""coarse_variant"": ""mean_shared"", ""cost_target"": ""traced_macs"", ""detail_probe_fraction"": 0.0, ""estimator"": ""pg_acquisition"", ""evidence_slots"": 4, ""exploration"": ""default"", ""fusion_variant"": ""residual"", ""geometry"": ""native_support"", ""head"": ""actionformer"", ""heavy_context"": ""parent16"", ""probe_every"": 32, ""query_length"": 768, ""quota"": ""global_zero_allowed"", ""receiver"": ""support_attention"", ""receiver_layers"": 2, ""roi_count"": 2, ""roi_mode"": ""source_crop"", ""roi_size"": 112, ""roi_trajectory"": ""tubelet_constant"", ""rounds"": 1, ""route"": ""B"", ""route_refresh"": ""once"", ""scout_resolution"": 112, ""scout_temporal_stride"": 1, ""scout_width"": 128, ""selector"": ""hybrid"", ""source_resolution"": 160, ""spatial_group"": 2, ""temporal_atom_tubelets"": 1, ""tia_scope"": ""source_native"", ""warmup_epochs"": 6}"
tr-76ac431db4a0,tr-c77329211441,train,tr-76ac431db4a0,B_roi1_size160,B,thumos14,0,b70ae056c495b43ca3f305fe438926b97b2723b5,BLOCKED,BLOCKED_IMPLEMENTATION,roi_mode='source_crop': implementation pending; roi_count: registered extension pending; roi_size: registered extension pending; roi_trajectory: registered extension pending,,,0,NOT_RUN,"{""checkpoint_indexing"": ""zero_based"", ""diagnostic_completed_epochs"": [5, 20, 40, 60], ""saved_completed_epochs"": [5, 10, 15, 20, 25, 30, 35, 40, 45, 50, 55, 60], ""version"": ""audit-repair-20260908""}",2026-09-08T09:33:48.114005+00:00,,"{""actionness_aux"": false, ""allow_global_zero"": true, ""axis"": ""T"", ""backbone"": ""videomae_b"", ""budget"": 0.5, ""budget_mode"": ""fixed"", ""coarse_variant"": ""mean_shared"", ""cost_target"": ""traced_macs"", ""detail_probe_fraction"": 0.0, ""estimator"": ""pg_acquisition"", ""evidence_slots"": 4, ""exploration"": ""default"", ""fusion_variant"": ""residual"", ""geometry"": ""native_support"", ""head"": ""actionformer"", ""heavy_context"": ""parent16"", ""probe_every"": 32, ""query_length"": 768, ""quota"": ""global_zero_allowed"", ""receiver"": ""support_attention"", ""receiver_layers"": 2, ""roi_count"": 1, ""roi_mode"": ""source_crop"", ""roi_size"": 160, ""roi_trajectory"": ""tubelet_constant"", ""rounds"": 1, ""route"": ""B"", ""route_refresh"": ""once"", ""scout_resolution"": 112, ""scout_temporal_stride"": 1, ""scout_width"": 128, ""selector"": ""hybrid"", ""source_resolution"": 160, ""spatial_group"": 2, ""temporal_atom_tubelets"": 1, ""tia_scope"": ""source_native"", ""warmup_epochs"": 6}"
tr-8bd3973a568c,tr-1908281a0782,train,tr-8bd3973a568c,B_roi2_size160,B,thumos14,0,b70ae056c495b43ca3f305fe438926b97b2723b5,BLOCKED,BLOCKED_IMPLEMENTATION,roi_mode='source_crop': implementation pending; roi_count: registered extension pending; roi_size: registered extension pending; roi_trajectory: registered extension pending,,,0,NOT_RUN,"{""checkpoint_indexing"": ""zero_based"", ""diagnostic_completed_epochs"": [5, 20, 40, 60], ""saved_completed_epochs"": [5, 10, 15, 20, 25, 30, 35, 40, 45, 50, 55, 60], ""version"": ""audit-repair-20260908""}",2026-09-08T09:33:48.114005+00:00,,"{""actionness_aux"": false, ""allow_global_zero"": true, ""axis"": ""T"", ""backbone"": ""videomae_b"", ""budget"": 0.5, ""budget_mode"": ""fixed"", ""coarse_variant"": ""mean_shared"", ""cost_target"": ""traced_macs"", ""detail_probe_fraction"": 0.0, ""estimator"": ""pg_acquisition"", ""evidence_slots"": 4, ""exploration"": ""default"", ""fusion_variant"": ""residual"", ""geometry"": ""native_support"", ""head"": ""actionformer"", ""heavy_context"": ""parent16"", ""probe_every"": 32, ""query_length"": 768, ""quota"": ""global_zero_allowed"", ""receiver"": ""support_attention"", ""receiver_layers"": 2, ""roi_count"": 2, ""roi_mode"": ""source_crop"", ""roi_size"": 160, ""roi_trajectory"": ""tubelet_constant"", ""rounds"": 1, ""route"": ""B"", ""route_refresh"": ""once"", ""scout_resolution"": 112, ""scout_temporal_stride"": 1, ""scout_width"": 128, ""selector"": ""hybrid"", ""source_resolution"": 160, ""spatial_group"": 2, ""temporal_atom_tubelets"": 1, ""tia_scope"": ""source_native"", ""warmup_epochs"": 6}"
tr-caf222ac21af,tr-7a5520b4d378,train,tr-caf222ac21af,B_roi1_size224,B,thumos14,0,b70ae056c495b43ca3f305fe438926b97b2723b5,BLOCKED,BLOCKED_IMPLEMENTATION,roi_mode='source_crop': implementation pending; roi_count: registered extension pending; roi_size: registered extension pending; roi_trajectory: registered extension pending,,,0,NOT_RUN,"{""checkpoint_indexing"": ""zero_based"", ""diagnostic_completed_epochs"": [5, 20, 40, 60], ""saved_completed_epochs"": [5, 10, 15, 20, 25, 30, 35, 40, 45, 50, 55, 60], ""version"": ""audit-repair-20260908""}",2026-09-08T09:33:48.114005+00:00,,"{""actionness_aux"": false, ""allow_global_zero"": true, ""axis"": ""T"", ""backbone"": ""videomae_b"", ""budget"": 0.5, ""budget_mode"": ""fixed"", ""coarse_variant"": ""mean_shared"", ""cost_target"": ""traced_macs"", ""detail_probe_fraction"": 0.0, ""estimator"": ""pg_acquisition"", ""evidence_slots"": 4, ""exploration"": ""default"", ""fusion_variant"": ""residual"", ""geometry"": ""native_support"", ""head"": ""actionformer"", ""heavy_context"": ""parent16"", ""probe_every"": 32, ""query_length"": 768, ""quota"": ""global_zero_allowed"", ""receiver"": ""support_attention"", ""receiver_layers"": 2, ""roi_count"": 1, ""roi_mode"": ""source_crop"", ""roi_size"": 224, ""roi_trajectory"": ""tubelet_constant"", ""rounds"": 1, ""route"": ""B"", ""route_refresh"": ""once"", ""scout_resolution"": 112, ""scout_temporal_stride"": 1, ""scout_width"": 128, ""selector"": ""hybrid"", ""source_resolution"": 160, ""spatial_group"": 2, ""temporal_atom_tubelets"": 1, ""tia_scope"": ""source_native"", ""warmup_epochs"": 6}"
tr-5038fdbfa30b,tr-30f22afe9dc4,train,tr-5038fdbfa30b,B_roi2_size224,B,thumos14,0,b70ae056c495b43ca3f305fe438926b97b2723b5,BLOCKED,BLOCKED_IMPLEMENTATION,roi_mode='source_crop': implementation pending; roi_count: registered extension pending; roi_size: registered extension pending; roi_trajectory: registered extension pending,,,0,NOT_RUN,"{""checkpoint_indexing"": ""zero_based"", ""diagnostic_completed_epochs"": [5, 20, 40, 60], ""saved_completed_epochs"": [5, 10, 15, 20, 25, 30, 35, 40, 45, 50, 55, 60], ""version"": ""audit-repair-20260908""}",2026-09-08T09:33:48.114005+00:00,,"{""actionness_aux"": false, ""allow_global_zero"": true, ""axis"": ""T"", ""backbone"": ""videomae_b"", ""budget"": 0.5, ""budget_mode"": ""fixed"", ""coarse_variant"": ""mean_shared"", ""cost_target"": ""traced_macs"", ""detail_probe_fraction"": 0.0, ""estimator"": ""pg_acquisition"", ""evidence_slots"": 4, ""exploration"": ""default"", ""fusion_variant"": ""residual"", ""geometry"": ""native_support"", ""head"": ""actionformer"", ""heavy_context"": ""parent16"", ""probe_every"": 32, ""query_length"": 768, ""quota"": ""global_zero_allowed"", ""receiver"": ""support_attention"", ""receiver_layers"": 2, ""roi_count"": 2, ""roi_mode"": ""source_crop"", ""roi_size"": 224, ""roi_trajectory"": ""tubelet_constant"", ""rounds"": 1, ""route"": ""B"", ""route_refresh"": ""once"", ""scout_resolution"": 112, ""scout_temporal_stride"": 1, ""scout_width"": 128, ""selector"": ""hybrid"", ""source_resolution"": 160, ""spatial_group"": 2, ""temporal_atom_tubelets"": 1, ""tia_scope"": ""source_native"", ""warmup_epochs"": 6}"
tr-89d38b30ca6a,tr-b278e81461dc,train,tr-89d38b30ca6a,B_roi_fullframe_fallback,B,thumos14,0,b70ae056c495b43ca3f305fe438926b97b2723b5,BLOCKED,BLOCKED_IMPLEMENTATION,roi_mode='source_crop': implementation pending; roi_count: registered extension pending; roi_option: registered extension pending; roi_size: registered extension pending,,,0,NOT_RUN,"{""checkpoint_indexing"": ""zero_based"", ""diagnostic_completed_epochs"": [5, 20, 40, 60], ""saved_completed_epochs"": [5, 10, 15, 20, 25, 30, 35, 40, 45, 50, 55, 60], ""version"": ""audit-repair-20260908""}",2026-09-08T09:33:48.114005+00:00,,"{""actionness_aux"": false, ""allow_global_zero"": true, ""axis"": ""T"", ""backbone"": ""videomae_b"", ""budget"": 0.5, ""budget_mode"": ""fixed"", ""coarse_variant"": ""mean_shared"", ""cost_target"": ""traced_macs"", ""detail_probe_fraction"": 0.0, ""estimator"": ""pg_acquisition"", ""evidence_slots"": 4, ""exploration"": ""default"", ""fusion_variant"": ""residual"", ""geometry"": ""native_support"", ""head"": ""actionformer"", ""heavy_context"": ""parent16"", ""probe_every"": 32, ""query_length"": 768, ""quota"": ""global_zero_allowed"", ""receiver"": ""support_attention"", ""receiver_layers"": 2, ""roi_count"": 1, ""roi_mode"": ""source_crop"", ""roi_option"": ""fullframe_fallback"", ""roi_size"": 160, ""rounds"": 1, ""route"": ""B"", ""route_refresh"": ""once"", ""scout_resolution"": 112, ""scout_temporal_stride"": 1, ""scout_width"": 128, ""selector"": ""hybrid"", ""source_resolution"": 160, ""spatial_group"": 2, ""temporal_atom_tubelets"": 1, ""tia_scope"": ""source_native"", ""warmup_epochs"": 6}"
tr-30a9f55eb727,tr-3cefe031da95,train,tr-30a9f55eb727,B_roi_smooth_trajectory,B,thumos14,0,b70ae056c495b43ca3f305fe438926b97b2723b5,BLOCKED,BLOCKED_IMPLEMENTATION,roi_mode='source_crop': implementation pending; roi_count: registered extension pending; roi_option: registered extension pending; roi_size: registered extension pending,,,0,NOT_RUN,"{""checkpoint_indexing"": ""zero_based"", ""diagnostic_completed_epochs"": [5, 20, 40, 60], ""saved_completed_epochs"": [5, 10, 15, 20, 25, 30, 35, 40, 45, 50, 55, 60], ""version"": ""audit-repair-20260908""}",2026-09-08T09:33:48.114005+00:00,,"{""actionness_aux"": false, ""allow_global_zero"": true, ""axis"": ""T"", ""backbone"": ""videomae_b"", ""budget"": 0.5, ""budget_mode"": ""fixed"", ""coarse_variant"": ""mean_shared"", ""cost_target"": ""traced_macs"", ""detail_probe_fraction"": 0.0, ""estimator"": ""pg_acquisition"", ""evidence_slots"": 4, ""exploration"": ""default"", ""fusion_variant"": ""residual"", ""geometry"": ""native_support"", ""head"": ""actionformer"", ""heavy_context"": ""parent16"", ""probe_every"": 32, ""query_length"": 768, ""quota"": ""global_zero_allowed"", ""receiver"": ""support_attention"", ""receiver_layers"": 2, ""roi_count"": 1, ""roi_mode"": ""source_crop"", ""roi_option"": ""smooth_trajectory"", ""roi_size"": 160, ""rounds"": 1, ""route"": ""B"", ""route_refresh"": ""once"", ""scout_resolution"": 112, ""scout_temporal_stride"": 1, ""scout_width"": 128, ""selector"": ""hybrid"", ""source_resolution"": 160, ""spatial_group"": 2, ""temporal_atom_tubelets"": 1, ""tia_scope"": ""source_native"", ""warmup_epochs"": 6}"
tr-5362db4b7032,tr-7a8341178286,train,tr-5362db4b7032,B_roi_resize_lowres_negative_control,B,thumos14,0,b70ae056c495b43ca3f305fe438926b97b2723b5,BLOCKED,BLOCKED_IMPLEMENTATION,roi_mode='source_crop': implementation pending; roi_count: registered extension pending; roi_option: registered extension pending; roi_size: registered extension pending,,,0,NOT_RUN,"{""checkpoint_indexing"": ""zero_based"", ""diagnostic_completed_epochs"": [5, 20, 40, 60], ""saved_completed_epochs"": [5, 10, 15, 20, 25, 30, 35, 40, 45, 50, 55, 60], ""version"": ""audit-repair-20260908""}",2026-09-08T09:33:48.114005+00:00,,"{""actionness_aux"": false, ""allow_global_zero"": true, ""axis"": ""T"", ""backbone"": ""videomae_b"", ""budget"": 0.5, ""budget_mode"": ""fixed"", ""coarse_variant"": ""mean_shared"", ""cost_target"": ""traced_macs"", ""detail_probe_fraction"": 0.0, ""estimator"": ""pg_acquisition"", ""evidence_slots"": 4, ""exploration"": ""default"", ""fusion_variant"": ""residual"", ""geometry"": ""native_support"", ""head"": ""actionformer"", ""heavy_context"": ""parent16"", ""probe_every"": 32, ""query_length"": 768, ""quota"": ""global_zero_allowed"", ""receiver"": ""support_attention"", ""receiver_layers"": 2, ""roi_count"": 1, ""roi_mode"": ""source_crop"", ""roi_option"": ""resize_lowres_negative_control"", ""roi_size"": 160, ""rounds"": 1, ""route"": ""B"", ""route_refresh"": ""once"", ""scout_resolution"": 112, ""scout_temporal_stride"": 1, ""scout_width"": 128, ""selector"": ""hybrid"", ""source_resolution"": 160, ""spatial_group"": 2, ""temporal_atom_tubelets"": 1, ""tia_scope"": ""source_native"", ""warmup_epochs"": 6}"
tr-2a2a48a41d09,tr-d9e6c6de9026,train,tr-2a2a48a41d09,B_slots1,B,thumos14,0,b70ae056c495b43ca3f305fe438926b97b2723b5,ACCEPTED_NOT_COMPLETION,DEFERRED_PRIORITY,,,,0,NOT_RUN,"{""checkpoint_indexing"": ""zero_based"", ""diagnostic_completed_epochs"": [5, 20, 40, 60], ""saved_completed_epochs"": [5, 10, 15, 20, 25, 30, 35, 40, 45, 50, 55, 60], ""version"": ""audit-repair-20260908""}",2026-09-08T09:33:48.114005+00:00,,"{""actionness_aux"": false, ""allow_global_zero"": true, ""axis"": ""ST"", ""backbone"": ""videomae_b"", ""budget"": 0.5, ""budget_mode"": ""fixed"", ""coarse_variant"": ""mean_shared"", ""cost_target"": ""traced_macs"", ""detail_probe_fraction"": 0.0, ""estimator"": ""pg_acquisition"", ""evidence_slots"": 1, ""exploration"": ""default"", ""fusion_variant"": ""residual"", ""geometry"": ""native_support"", ""head"": ""actionformer"", ""heavy_context"": ""parent16"", ""probe_every"": 32, ""query_length"": 768, ""quota"": ""global_zero_allowed"", ""receiver"": ""support_attention"", ""receiver_layers"": 2, ""roi_mode"": ""none"", ""rounds"": 1, ""route"": ""B"", ""route_refresh"": ""once"", ""scout_resolution"": 112, ""scout_temporal_stride"": 1, ""scout_width"": 128, ""selector"": ""hybrid"", ""source_resolution"": 160, ""spatial_group"": 2, ""temporal_atom_tubelets"": 1, ""tia_scope"": ""source_native"", ""warmup_epochs"": 6}"
tr-042683fedeaa,tr-f581918405f7,train,tr-042683fedeaa,B_slots8,B,thumos14,0,b70ae056c495b43ca3f305fe438926b97b2723b5,ACCEPTED_NOT_COMPLETION,DEFERRED_PRIORITY,,,,0,NOT_RUN,"{""checkpoint_indexing"": ""zero_based"", ""diagnostic_completed_epochs"": [5, 20, 40, 60], ""saved_completed_epochs"": [5, 10, 15, 20, 25, 30, 35, 40, 45, 50, 55, 60], ""version"": ""audit-repair-20260908""}",2026-09-08T09:33:48.114005+00:00,,"{""actionness_aux"": false, ""allow_global_zero"": true, ""axis"": ""ST"", ""backbone"": ""videomae_b"", ""budget"": 0.5, ""budget_mode"": ""fixed"", ""coarse_variant"": ""mean_shared"", ""cost_target"": ""traced_macs"", ""detail_probe_fraction"": 0.0, ""estimator"": ""pg_acquisition"", ""evidence_slots"": 8, ""exploration"": ""default"", ""fusion_variant"": ""residual"", ""geometry"": ""native_support"", ""head"": ""actionformer"", ""heavy_context"": ""parent16"", ""probe_every"": 32, ""query_length"": 768, ""quota"": ""global_zero_allowed"", ""receiver"": ""support_attention"", ""receiver_layers"": 2, ""roi_mode"": ""none"", ""rounds"": 1, ""route"": ""B"", ""route_refresh"": ""once"", ""scout_resolution"": 112, ""scout_temporal_stride"": 1, ""scout_width"": 128, ""selector"": ""hybrid"", ""source_resolution"": 160, ""spatial_group"": 2, ""temporal_atom_tubelets"": 1, ""tia_scope"": ""source_native"", ""warmup_epochs"": 6}"
tr-0d84dedcf8d4,tr-8c3ac91cf6f1,train,tr-0d84dedcf8d4,B_receiverlayers1,B,thumos14,0,b70ae056c495b43ca3f305fe438926b97b2723b5,ACCEPTED_NOT_COMPLETION,DEFERRED_PRIORITY,,,,0,NOT_RUN,"{""checkpoint_indexing"": ""zero_based"", ""diagnostic_completed_epochs"": [5, 20, 40, 60], ""saved_completed_epochs"": [5, 10, 15, 20, 25, 30, 35, 40, 45, 50, 55, 60], ""version"": ""audit-repair-20260908""}",2026-09-08T09:33:48.114005+00:00,,"{""actionness_aux"": false, ""allow_global_zero"": true, ""axis"": ""ST"", ""backbone"": ""videomae_b"", ""budget"": 0.5, ""budget_mode"": ""fixed"", ""coarse_variant"": ""mean_shared"", ""cost_target"": ""traced_macs"", ""detail_probe_fraction"": 0.0, ""estimator"": ""pg_acquisition"", ""evidence_slots"": 4, ""exploration"": ""default"", ""fusion_variant"": ""residual"", ""geometry"": ""native_support"", ""head"": ""actionformer"", ""heavy_context"": ""parent16"", ""probe_every"": 32, ""query_length"": 768, ""quota"": ""global_zero_allowed"", ""receiver"": ""support_attention"", ""receiver_layers"": 1, ""roi_mode"": ""none"", ""rounds"": 1, ""route"": ""B"", ""route_refresh"": ""once"", ""scout_resolution"": 112, ""scout_temporal_stride"": 1, ""scout_width"": 128, ""selector"": ""hybrid"", ""source_resolution"": 160, ""spatial_group"": 2, ""temporal_atom_tubelets"": 1, ""tia_scope"": ""source_native"", ""warmup_epochs"": 6}"
tr-f0271ade978b,tr-7fc5bc501131,train,tr-f0271ade978b,B_receiverlayers4,B,thumos14,0,b70ae056c495b43ca3f305fe438926b97b2723b5,ACCEPTED_NOT_COMPLETION,DEFERRED_PRIORITY,,,,0,NOT_RUN,"{""checkpoint_indexing"": ""zero_based"", ""diagnostic_completed_epochs"": [5, 20, 40, 60], ""saved_completed_epochs"": [5, 10, 15, 20, 25, 30, 35, 40, 45, 50, 55, 60], ""version"": ""audit-repair-20260908""}",2026-09-08T09:33:48.114005+00:00,,"{""actionness_aux"": false, ""allow_global_zero"": true, ""axis"": ""ST"", ""backbone"": ""videomae_b"", ""budget"": 0.5, ""budget_mode"": ""fixed"", ""coarse_variant"": ""mean_shared"", ""cost_target"": ""traced_macs"", ""detail_probe_fraction"": 0.0, ""estimator"": ""pg_acquisition"", ""evidence_slots"": 4, ""exploration"": ""default"", ""fusion_variant"": ""residual"", ""geometry"": ""native_support"", ""head"": ""actionformer"", ""heavy_context"": ""parent16"", ""probe_every"": 32, ""query_length"": 768, ""quota"": ""global_zero_allowed"", ""receiver"": ""support_attention"", ""receiver_layers"": 4, ""roi_mode"": ""none"", ""rounds"": 1, ""route"": ""B"", ""route_refresh"": ""once"", ""scout_resolution"": 112, ""scout_temporal_stride"": 1, ""scout_width"": 128, ""selector"": ""hybrid"", ""source_resolution"": 160, ""spatial_group"": 2, ""temporal_atom_tubelets"": 1, ""tia_scope"": ""source_native"", ""warmup_epochs"": 6}"
tr-c46b228d0998,tr-3d9066c3932a,train,tr-c46b228d0998,B_no_null,B,thumos14,0,b70ae056c495b43ca3f305fe438926b97b2723b5,ACCEPTED_NOT_COMPLETION,DEFERRED_PRIORITY,,,,0,NOT_RUN,"{""checkpoint_indexing"": ""zero_based"", ""diagnostic_completed_epochs"": [5, 20, 40, 60], ""saved_completed_epochs"": [5, 10, 15, 20, 25, 30, 35, 40, 45, 50, 55, 60], ""version"": ""audit-repair-20260908""}",2026-09-08T09:33:48.114005+00:00,,"{""actionness_aux"": false, ""allow_global_zero"": true, ""axis"": ""ST"", ""backbone"": ""videomae_b"", ""budget"": 0.5, ""budget_mode"": ""fixed"", ""coarse_variant"": ""mean_shared"", ""cost_target"": ""traced_macs"", ""detail_probe_fraction"": 0.0, ""estimator"": ""pg_acquisition"", ""evidence_slots"": 4, ""exploration"": ""default"", ""fusion_variant"": ""no_null"", ""geometry"": ""native_support"", ""head"": ""actionformer"", ""heavy_context"": ""parent16"", ""probe_every"": 32, ""query_length"": 768, ""quota"": ""global_zero_allowed"", ""receiver"": ""support_attention"", ""receiver_layers"": 2, ""roi_mode"": ""none"", ""rounds"": 1, ""route"": ""B"", ""route_refresh"": ""once"", ""scout_resolution"": 112, ""scout_temporal_stride"": 1, ""scout_width"": 128, ""selector"": ""hybrid"", ""source_resolution"": 160, ""spatial_group"": 2, ""temporal_atom_tubelets"": 1, ""tia_scope"": ""source_native"", ""warmup_epochs"": 6}"
tr-a3bf5706321c,tr-c4d364a4578c,train,tr-a3bf5706321c,B_feature_l2,B,thumos14,0,b70ae056c495b43ca3f305fe438926b97b2723b5,BLOCKED,BLOCKED_IMPLEMENTATION,fusion_variant='feature_l2': implementation pending; registered feature L2 alignment loss is not implemented; normalization is not alignment,,,0,NOT_RUN,"{""checkpoint_indexing"": ""zero_based"", ""diagnostic_completed_epochs"": [5, 20, 40, 60], ""saved_completed_epochs"": [5, 10, 15, 20, 25, 30, 35, 40, 45, 50, 55, 60], ""version"": ""audit-repair-20260908""}",2026-09-08T09:33:48.114005+00:00,,"{""actionness_aux"": false, ""allow_global_zero"": true, ""axis"": ""ST"", ""backbone"": ""videomae_b"", ""budget"": 0.5, ""budget_mode"": ""fixed"", ""coarse_variant"": ""mean_shared"", ""cost_target"": ""traced_macs"", ""detail_probe_fraction"": 0.0, ""estimator"": ""pg_acquisition"", ""evidence_slots"": 4, ""exploration"": ""default"", ""fusion_variant"": ""feature_l2"", ""geometry"": ""native_support"", ""head"": ""actionformer"", ""heavy_context"": ""parent16"", ""probe_every"": 32, ""query_length"": 768, ""quota"": ""global_zero_allowed"", ""receiver"": ""support_attention"", ""receiver_layers"": 2, ""roi_mode"": ""none"", ""rounds"": 1, ""route"": ""B"", ""route_refresh"": ""once"", ""scout_resolution"": 112, ""scout_temporal_stride"": 1, ""scout_width"": 128, ""selector"": ""hybrid"", ""source_resolution"": 160, ""spatial_group"": 2, ""temporal_atom_tubelets"": 1, ""tia_scope"": ""source_native"", ""warmup_epochs"": 6}"
tr-5a7a610236ad,tr-cc1fc95f60e2,train,tr-5a7a610236ad,B_coarse_overwrite,B,thumos14,0,b70ae056c495b43ca3f305fe438926b97b2723b5,ACCEPTED_NOT_COMPLETION,DEFERRED_PRIORITY,,,,0,NOT_RUN,"{""checkpoint_indexing"": ""zero_based"", ""diagnostic_completed_epochs"": [5, 20, 40, 60], ""saved_completed_epochs"": [5, 10, 15, 20, 25, 30, 35, 40, 45, 50, 55, 60], ""version"": ""audit-repair-20260908""}",2026-09-08T09:33:48.114005+00:00,,"{""actionness_aux"": false, ""allow_global_zero"": true, ""axis"": ""ST"", ""backbone"": ""videomae_b"", ""budget"": 0.5, ""budget_mode"": ""fixed"", ""coarse_variant"": ""mean_shared"", ""cost_target"": ""traced_macs"", ""detail_probe_fraction"": 0.0, ""estimator"": ""pg_acquisition"", ""evidence_slots"": 4, ""exploration"": ""default"", ""fusion_variant"": ""coarse_overwrite"", ""geometry"": ""native_support"", ""head"": ""actionformer"", ""heavy_context"": ""parent16"", ""probe_every"": 32, ""query_length"": 768, ""quota"": ""global_zero_allowed"", ""receiver"": ""support_attention"", ""receiver_layers"": 2, ""roi_mode"": ""none"", ""rounds"": 1, ""route"": ""B"", ""route_refresh"": ""once"", ""scout_resolution"": 112, ""scout_temporal_stride"": 1, ""scout_width"": 128, ""selector"": ""hybrid"", ""source_resolution"": 160, ""spatial_group"": 2, ""temporal_atom_tubelets"": 1, ""tia_scope"": ""source_native"", ""warmup_epochs"": 6}"
tr-03326b5763f9,tr-05b459aa6b12,train,tr-03326b5763f9,C_learned_projection,C,thumos14,0,b70ae056c495b43ca3f305fe438926b97b2723b5,ACCEPTED_NOT_COMPLETION,DEFERRED_PRIORITY,,,,0,NOT_RUN,"{""checkpoint_indexing"": ""zero_based"", ""diagnostic_completed_epochs"": [5, 20, 40, 60], ""saved_completed_epochs"": [5, 10, 15, 20, 25, 30, 35, 40, 45, 50, 55, 60], ""version"": ""audit-repair-20260908""}",2026-09-08T09:33:48.114005+00:00,,"{""actionness_aux"": false, ""allow_global_zero"": true, ""axis"": ""ST"", ""backbone"": ""videomae_b"", ""budget"": 0.5, ""budget_mode"": ""fixed"", ""coarse_variant"": ""learned_projection"", ""cost_target"": ""traced_macs"", ""detail_probe_fraction"": 0.0, ""estimator"": ""pg_acquisition"", ""evidence_slots"": 4, ""exploration"": ""default"", ""fusion_variant"": ""residual"", ""geometry"": ""native_support"", ""head"": ""actionformer"", ""heavy_context"": ""parent16"", ""probe_every"": 32, ""query_length"": 768, ""quota"": ""global_zero_allowed"", ""receiver"": ""support_attention"", ""receiver_layers"": 2, ""roi_mode"": ""none"", ""rounds"": 1, ""route"": ""C"", ""route_refresh"": ""once"", ""scout_resolution"": 112, ""scout_temporal_stride"": 1, ""scout_width"": 128, ""selector"": ""hybrid"", ""source_resolution"": 160, ""spatial_group"": 2, ""temporal_atom_tubelets"": 1, ""tia_scope"": ""source_native"", ""warmup_epochs"": 6}"
tr-02c2b25b6bc1,tr-f54d79036011,train,tr-02c2b25b6bc1,C_no_scale_embedding,C,thumos14,0,b70ae056c495b43ca3f305fe438926b97b2723b5,ACCEPTED_NOT_COMPLETION,DEFERRED_PRIORITY,,,,0,NOT_RUN,"{""checkpoint_indexing"": ""zero_based"", ""diagnostic_completed_epochs"": [5, 20, 40, 60], ""saved_completed_epochs"": [5, 10, 15, 20, 25, 30, 35, 40, 45, 50, 55, 60], ""version"": ""audit-repair-20260908""}",2026-09-08T09:33:48.114005+00:00,,"{""actionness_aux"": false, ""allow_global_zero"": true, ""axis"": ""ST"", ""backbone"": ""videomae_b"", ""budget"": 0.5, ""budget_mode"": ""fixed"", ""coarse_variant"": ""no_scale_embedding"", ""cost_target"": ""traced_macs"", ""detail_probe_fraction"": 0.0, ""estimator"": ""pg_acquisition"", ""evidence_slots"": 4, ""exploration"": ""default"", ""fusion_variant"": ""residual"", ""geometry"": ""native_support"", ""head"": ""actionformer"", ""heavy_context"": ""parent16"", ""probe_every"": 32, ""query_length"": 768, ""quota"": ""global_zero_allowed"", ""receiver"": ""support_attention"", ""receiver_layers"": 2, ""roi_mode"": ""none"", ""rounds"": 1, ""route"": ""C"", ""route_refresh"": ""once"", ""scout_resolution"": 112, ""scout_temporal_stride"": 1, ""scout_width"": 128, ""selector"": ""hybrid"", ""source_resolution"": 160, ""spatial_group"": 2, ""temporal_atom_tubelets"": 1, ""tia_scope"": ""source_native"", ""warmup_epochs"": 6}"
tr-07c124beab3e,tr-9e206b50bb02,train,tr-07c124beab3e,C_coarse_update_no_tia,C,thumos14,0,b70ae056c495b43ca3f305fe438926b97b2723b5,ACCEPTED_NOT_COMPLETION,DEFERRED_PRIORITY,,,,0,NOT_RUN,"{""checkpoint_indexing"": ""zero_based"", ""diagnostic_completed_epochs"": [5, 20, 40, 60], ""saved_completed_epochs"": [5, 10, 15, 20, 25, 30, 35, 40, 45, 50, 55, 60], ""version"": ""audit-repair-20260908""}",2026-09-08T09:33:48.114005+00:00,,"{""actionness_aux"": false, ""allow_global_zero"": true, ""axis"": ""ST"", ""backbone"": ""videomae_b"", ""budget"": 0.5, ""budget_mode"": ""fixed"", ""coarse_variant"": ""coarse_update_no_tia"", ""cost_target"": ""traced_macs"", ""detail_probe_fraction"": 0.0, ""estimator"": ""pg_acquisition"", ""evidence_slots"": 4, ""exploration"": ""default"", ""fusion_variant"": ""residual"", ""geometry"": ""native_support"", ""head"": ""actionformer"", ""heavy_context"": ""parent16"", ""probe_every"": 32, ""query_length"": 768, ""quota"": ""global_zero_allowed"", ""receiver"": ""support_attention"", ""receiver_layers"": 2, ""roi_mode"": ""none"", ""rounds"": 1, ""route"": ""C"", ""route_refresh"": ""once"", ""scout_resolution"": 112, ""scout_temporal_stride"": 1, ""scout_width"": 128, ""selector"": ""hybrid"", ""source_resolution"": 160, ""spatial_group"": 2, ""temporal_atom_tubelets"": 1, ""tia_scope"": ""source_native"", ""warmup_epochs"": 6}"
tr-5580f8a6af7e,tr-55dbbdefba01,train,tr-5580f8a6af7e,B_2round_random,B,thumos14,0,b70ae056c495b43ca3f305fe438926b97b2723b5,BLOCKED,BLOCKED_IMPLEMENTATION,rounds=2: implementation pending; budget_includes_both_rounds: registered extension pending; second_round_proposal: registered extension pending,,,0,NOT_RUN,"{""checkpoint_indexing"": ""zero_based"", ""diagnostic_completed_epochs"": [5, 20, 40, 60], ""saved_completed_epochs"": [5, 10, 15, 20, 25, 30, 35, 40, 45, 50, 55, 60], ""version"": ""audit-repair-20260908""}",2026-09-08T09:33:48.114005+00:00,,"{""actionness_aux"": false, ""allow_global_zero"": true, ""axis"": ""ST"", ""backbone"": ""videomae_b"", ""budget"": 0.5, ""budget_includes_both_rounds"": true, ""budget_mode"": ""fixed"", ""coarse_variant"": ""mean_shared"", ""cost_target"": ""traced_macs"", ""detail_probe_fraction"": 0.0, ""estimator"": ""pg_acquisition"", ""evidence_slots"": 4, ""exploration"": ""default"", ""fusion_variant"": ""residual"", ""geometry"": ""native_support"", ""head"": ""actionformer"", ""heavy_context"": ""parent16"", ""probe_every"": 32, ""query_length"": 768, ""quota"": ""global_zero_allowed"", ""receiver"": ""support_attention"", ""receiver_layers"": 2, ""roi_mode"": ""none"", ""rounds"": 2, ""route"": ""B"", ""route_refresh"": ""once"", ""scout_resolution"": 112, ""scout_temporal_stride"": 1, ""scout_width"": 128, ""second_round_proposal"": ""random"", ""selector"": ""hybrid"", ""source_resolution"": 160, ""spatial_group"": 2, ""temporal_atom_tubelets"": 1, ""tia_scope"": ""source_native"", ""warmup_epochs"": 6}"
tr-aff6ac791423,tr-ecfe8ee10d6e,train,tr-aff6ac791423,B_2round_cheap_boundary_single,B,thumos14,0,b70ae056c495b43ca3f305fe438926b97b2723b5,BLOCKED,BLOCKED_IMPLEMENTATION,rounds=2: implementation pending; budget_includes_both_rounds: registered extension pending; second_round_proposal: registered extension pending,,,0,NOT_RUN,"{""checkpoint_indexing"": ""zero_based"", ""diagnostic_completed_epochs"": [5, 20, 40, 60], ""saved_completed_epochs"": [5, 10, 15, 20, 25, 30, 35, 40, 45, 50, 55, 60], ""version"": ""audit-repair-20260908""}",2026-09-08T09:33:48.114005+00:00,,"{""actionness_aux"": false, ""allow_global_zero"": true, ""axis"": ""ST"", ""backbone"": ""videomae_b"", ""budget"": 0.5, ""budget_includes_both_rounds"": true, ""budget_mode"": ""fixed"", ""coarse_variant"": ""mean_shared"", ""cost_target"": ""traced_macs"", ""detail_probe_fraction"": 0.0, ""estimator"": ""pg_acquisition"", ""evidence_slots"": 4, ""exploration"": ""default"", ""fusion_variant"": ""residual"", ""geometry"": ""native_support"", ""head"": ""actionformer"", ""heavy_context"": ""parent16"", ""probe_every"": 32, ""query_length"": 768, ""quota"": ""global_zero_allowed"", ""receiver"": ""support_attention"", ""receiver_layers"": 2, ""roi_mode"": ""none"", ""rounds"": 2, ""route"": ""B"", ""route_refresh"": ""once"", ""scout_resolution"": 112, ""scout_temporal_stride"": 1, ""scout_width"": 128, ""second_round_proposal"": ""cheap_boundary_single"", ""selector"": ""hybrid"", ""source_resolution"": 160, ""spatial_group"": 2, ""temporal_atom_tubelets"": 1, ""tia_scope"": ""source_native"", ""warmup_epochs"": 6}"
tr-8547efa22769,tr-590192611788,train,tr-8547efa22769,B_2round_cheap_boundary_pair,B,thumos14,0,b70ae056c495b43ca3f305fe438926b97b2723b5,BLOCKED,BLOCKED_IMPLEMENTATION,rounds=2: implementation pending; budget_includes_both_rounds: registered extension pending; second_round_proposal: registered extension pending,,,0,NOT_RUN,"{""checkpoint_indexing"": ""zero_based"", ""diagnostic_completed_epochs"": [5, 20, 40, 60], ""saved_completed_epochs"": [5, 10, 15, 20, 25, 30, 35, 40, 45, 50, 55, 60], ""version"": ""audit-repair-20260908""}",2026-09-08T09:33:48.114005+00:00,,"{""actionness_aux"": false, ""allow_global_zero"": true, ""axis"": ""ST"", ""backbone"": ""videomae_b"", ""budget"": 0.5, ""budget_includes_both_rounds"": true, ""budget_mode"": ""fixed"", ""coarse_variant"": ""mean_shared"", ""cost_target"": ""traced_macs"", ""detail_probe_fraction"": 0.0, ""estimator"": ""pg_acquisition"", ""evidence_slots"": 4, ""exploration"": ""default"", ""fusion_variant"": ""residual"", ""geometry"": ""native_support"", ""head"": ""actionformer"", ""heavy_context"": ""parent16"", ""probe_every"": 32, ""query_length"": 768, ""quota"": ""global_zero_allowed"", ""receiver"": ""support_attention"", ""receiver_layers"": 2, ""roi_mode"": ""none"", ""rounds"": 2, ""route"": ""B"", ""route_refresh"": ""once"", ""scout_resolution"": 112, ""scout_temporal_stride"": 1, ""scout_width"": 128, ""second_round_proposal"": ""cheap_boundary_pair"", ""selector"": ""hybrid"", ""source_resolution"": 160, ""spatial_group"": 2, ""temporal_atom_tubelets"": 1, ""tia_scope"": ""source_native"", ""warmup_epochs"": 6}"
tr-44dfc877a886,tr-290efe0eedc1,train,tr-44dfc877a886,B_context_local4_tubelets,B,thumos14,0,b70ae056c495b43ca3f305fe438926b97b2723b5,BLOCKED,BLOCKED_IMPLEMENTATION,heavy_context='local4_tubelets': implementation pending,,,0,NOT_RUN,"{""checkpoint_indexing"": ""zero_based"", ""diagnostic_completed_epochs"": [5, 20, 40, 60], ""saved_completed_epochs"": [5, 10, 15, 20, 25, 30, 35, 40, 45, 50, 55, 60], ""version"": ""audit-repair-20260908""}",2026-09-08T09:33:48.114005+00:00,,"{""actionness_aux"": false, ""allow_global_zero"": true, ""axis"": ""ST"", ""backbone"": ""videomae_b"", ""budget"": 0.5, ""budget_mode"": ""fixed"", ""coarse_variant"": ""mean_shared"", ""cost_target"": ""traced_macs"", ""detail_probe_fraction"": 0.0, ""estimator"": ""pg_acquisition"", ""evidence_slots"": 4, ""exploration"": ""default"", ""fusion_variant"": ""residual"", ""geometry"": ""native_support"", ""head"": ""actionformer"", ""heavy_context"": ""local4_tubelets"", ""probe_every"": 32, ""query_length"": 768, ""quota"": ""global_zero_allowed"", ""receiver"": ""support_attention"", ""receiver_layers"": 2, ""roi_mode"": ""none"", ""rounds"": 1, ""route"": ""B"", ""route_refresh"": ""once"", ""scout_resolution"": 112, ""scout_temporal_stride"": 1, ""scout_width"": 128, ""selector"": ""hybrid"", ""source_resolution"": 160, ""spatial_group"": 2, ""temporal_atom_tubelets"": 1, ""tia_scope"": ""source_native"", ""warmup_epochs"": 6}"
tr-23b21fd2813f,tr-73e8aa3c202a,train,tr-23b21fd2813f,B_context_cross_parent_selected,B,thumos14,0,b70ae056c495b43ca3f305fe438926b97b2723b5,BLOCKED,BLOCKED_IMPLEMENTATION,heavy_context='cross_parent_selected': implementation pending,,,0,NOT_RUN,"{""checkpoint_indexing"": ""zero_based"", ""diagnostic_completed_epochs"": [5, 20, 40, 60], ""saved_completed_epochs"": [5, 10, 15, 20, 25, 30, 35, 40, 45, 50, 55, 60], ""version"": ""audit-repair-20260908""}",2026-09-08T09:33:48.114005+00:00,,"{""actionness_aux"": false, ""allow_global_zero"": true, ""axis"": ""ST"", ""backbone"": ""videomae_b"", ""budget"": 0.5, ""budget_mode"": ""fixed"", ""coarse_variant"": ""mean_shared"", ""cost_target"": ""traced_macs"", ""detail_probe_fraction"": 0.0, ""estimator"": ""pg_acquisition"", ""evidence_slots"": 4, ""exploration"": ""default"", ""fusion_variant"": ""residual"", ""geometry"": ""native_support"", ""head"": ""actionformer"", ""heavy_context"": ""cross_parent_selected"", ""probe_every"": 32, ""query_length"": 768, ""quota"": ""global_zero_allowed"", ""receiver"": ""support_attention"", ""receiver_layers"": 2, ""roi_mode"": ""none"", ""rounds"": 1, ""route"": ""B"", ""route_refresh"": ""once"", ""scout_resolution"": 112, ""scout_temporal_stride"": 1, ""scout_width"": 128, ""selector"": ""hybrid"", ""source_resolution"": 160, ""spatial_group"": 2, ""temporal_atom_tubelets"": 1, ""tia_scope"": ""source_native"", ""warmup_epochs"": 6}"
tr-693049939906,tr-b6c5e2b45fbc,train,tr-693049939906,A_refresh_each_layer,A,thumos14,0,b70ae056c495b43ca3f305fe438926b97b2723b5,BLOCKED,BLOCKED_IMPLEMENTATION,route_refresh='each_layer': implementation pending,,,0,NOT_RUN,"{""checkpoint_indexing"": ""zero_based"", ""diagnostic_completed_epochs"": [5, 20, 40, 60], ""saved_completed_epochs"": [5, 10, 15, 20, 25, 30, 35, 40, 45, 50, 55, 60], ""version"": ""audit-repair-20260908""}",2026-09-08T09:33:48.114005+00:00,,"{""actionness_aux"": false, ""allow_global_zero"": true, ""axis"": ""ST"", ""backbone"": ""videomae_b"", ""budget"": 0.5, ""budget_mode"": ""fixed"", ""coarse_variant"": ""mean_shared"", ""cost_target"": ""traced_macs"", ""detail_probe_fraction"": 0.0, ""estimator"": ""pg_acquisition"", ""evidence_slots"": 4, ""exploration"": ""default"", ""fusion_variant"": ""residual"", ""geometry"": ""native_support"", ""head"": ""actionformer"", ""heavy_context"": ""parent16"", ""probe_every"": 32, ""query_length"": 768, ""quota"": ""global_zero_allowed"", ""receiver"": ""support_attention"", ""receiver_layers"": 2, ""roi_mode"": ""none"", ""rounds"": 1, ""route"": ""A"", ""route_refresh"": ""each_layer"", ""scout_resolution"": 112, ""scout_temporal_stride"": 1, ""scout_width"": 128, ""selector"": ""hybrid"", ""source_resolution"": 160, ""spatial_group"": 2, ""temporal_atom_tubelets"": 1, ""tia_scope"": ""source_native"", ""warmup_epochs"": 6}"
tr-c02f75900cc4,tr-fd4070c04f29,train,tr-c02f75900cc4,DENSE_fineaction,DENSE,fineaction,0,b70ae056c495b43ca3f305fe438926b97b2723b5,BLOCKED,BLOCKED_IMPLEMENTATION,fineaction dataset protocol adapter is not implemented,,,0,NOT_RUN,"{""checkpoint_indexing"": ""zero_based"", ""diagnostic_completed_epochs"": [5, 20, 40, 60], ""saved_completed_epochs"": [5, 10, 15, 20, 25, 30, 35, 40, 45, 50, 55, 60], ""version"": ""audit-repair-20260908""}",2026-09-08T09:33:48.114005+00:00,,"{""actionness_aux"": false, ""allow_global_zero"": true, ""axis"": ""ST"", ""backbone"": ""videomae_b"", ""budget"": 1.0, ""budget_mode"": ""fixed"", ""coarse_variant"": ""mean_shared"", ""cost_target"": ""traced_macs"", ""detail_probe_fraction"": 0.0, ""estimator"": ""none"", ""evidence_slots"": 4, ""exploration"": ""default"", ""fusion_variant"": ""residual"", ""geometry"": ""native_support"", ""head"": ""actionformer"", ""heavy_context"": ""parent16"", ""probe_every"": 0, ""query_length"": 768, ""quota"": ""global_zero_allowed"", ""receiver"": ""support_attention"", ""receiver_layers"": 2, ""roi_mode"": ""none"", ""rounds"": 1, ""route"": ""DENSE"", ""route_refresh"": ""once"", ""scout_resolution"": 112, ""scout_temporal_stride"": 1, ""scout_width"": 128, ""selector"": ""none"", ""source_resolution"": 160, ""spatial_group"": 2, ""temporal_atom_tubelets"": 1, ""tia_scope"": ""source_native"", ""warmup_epochs"": 6}"
tr-f96c49b5e14d,tr-def36109d345,train,tr-f96c49b5e14d,DENSE_large,DENSE,thumos14,0,b70ae056c495b43ca3f305fe438926b97b2723b5,ACCEPTED_NOT_COMPLETION,DEFERRED_PRIORITY,,,,0,NOT_RUN,"{""checkpoint_indexing"": ""zero_based"", ""diagnostic_completed_epochs"": [5, 20, 40, 60], ""saved_completed_epochs"": [5, 10, 15, 20, 25, 30, 35, 40, 45, 50, 55, 60], ""version"": ""audit-repair-20260908""}",2026-09-08T09:33:48.114005+00:00,,"{""actionness_aux"": false, ""allow_global_zero"": true, ""axis"": ""ST"", ""backbone"": ""videomae_l"", ""budget"": 1.0, ""budget_mode"": ""fixed"", ""coarse_variant"": ""mean_shared"", ""cost_target"": ""traced_macs"", ""detail_probe_fraction"": 0.0, ""estimator"": ""none"", ""evidence_slots"": 4, ""exploration"": ""default"", ""fusion_variant"": ""residual"", ""geometry"": ""native_support"", ""head"": ""actionformer"", ""heavy_context"": ""parent16"", ""probe_every"": 0, ""query_length"": 768, ""quota"": ""global_zero_allowed"", ""receiver"": ""support_attention"", ""receiver_layers"": 2, ""roi_mode"": ""none"", ""rounds"": 1, ""route"": ""DENSE"", ""route_refresh"": ""once"", ""scout_resolution"": 112, ""scout_temporal_stride"": 1, ""scout_width"": 128, ""selector"": ""none"", ""source_resolution"": 160, ""spatial_group"": 2, ""temporal_atom_tubelets"": 1, ""tia_scope"": ""source_native"", ""warmup_epochs"": 6}"
tr-f67b569f5fcc,tr-b5e2c70a2e87,train,tr-f67b569f5fcc,A_fineaction,A,fineaction,0,b70ae056c495b43ca3f305fe438926b97b2723b5,BLOCKED,BLOCKED_IMPLEMENTATION,fineaction dataset protocol adapter is not implemented,,,0,NOT_RUN,"{""checkpoint_indexing"": ""zero_based"", ""diagnostic_completed_epochs"": [5, 20, 40, 60], ""saved_completed_epochs"": [5, 10, 15, 20, 25, 30, 35, 40, 45, 50, 55, 60], ""version"": ""audit-repair-20260908""}",2026-09-08T09:33:48.114005+00:00,,"{""actionness_aux"": false, ""allow_global_zero"": true, ""axis"": ""ST"", ""backbone"": ""videomae_b"", ""budget"": 0.5, ""budget_mode"": ""fixed"", ""coarse_variant"": ""mean_shared"", ""cost_target"": ""traced_macs"", ""detail_probe_fraction"": 0.0, ""estimator"": ""pg_acquisition"", ""evidence_slots"": 4, ""exploration"": ""default"", ""fusion_variant"": ""residual"", ""geometry"": ""native_support"", ""head"": ""actionformer"", ""heavy_context"": ""parent16"", ""probe_every"": 32, ""query_length"": 768, ""quota"": ""global_zero_allowed"", ""receiver"": ""support_attention"", ""receiver_layers"": 2, ""roi_mode"": ""none"", ""rounds"": 1, ""route"": ""A"", ""route_refresh"": ""once"", ""scout_resolution"": 112, ""scout_temporal_stride"": 1, ""scout_width"": 128, ""selector"": ""hybrid"", ""source_resolution"": 160, ""spatial_group"": 2, ""temporal_atom_tubelets"": 1, ""tia_scope"": ""source_native"", ""warmup_epochs"": 6}"
tr-bf23fde602f4,tr-ff9d91ad642f,train,tr-bf23fde602f4,A_large,A,thumos14,0,b70ae056c495b43ca3f305fe438926b97b2723b5,ACCEPTED_NOT_COMPLETION,DEFERRED_PRIORITY,,,,0,NOT_RUN,"{""checkpoint_indexing"": ""zero_based"", ""diagnostic_completed_epochs"": [5, 20, 40, 60], ""saved_completed_epochs"": [5, 10, 15, 20, 25, 30, 35, 40, 45, 50, 55, 60], ""version"": ""audit-repair-20260908""}",2026-09-08T09:33:48.114005+00:00,,"{""actionness_aux"": false, ""allow_global_zero"": true, ""axis"": ""ST"", ""backbone"": ""videomae_l"", ""budget"": 0.5, ""budget_mode"": ""fixed"", ""coarse_variant"": ""mean_shared"", ""cost_target"": ""traced_macs"", ""detail_probe_fraction"": 0.0, ""estimator"": ""pg_acquisition"", ""evidence_slots"": 4, ""exploration"": ""default"", ""fusion_variant"": ""residual"", ""geometry"": ""native_support"", ""head"": ""actionformer"", ""heavy_context"": ""parent16"", ""probe_every"": 32, ""query_length"": 768, ""quota"": ""global_zero_allowed"", ""receiver"": ""support_attention"", ""receiver_layers"": 2, ""roi_mode"": ""none"", ""rounds"": 1, ""route"": ""A"", ""route_refresh"": ""once"", ""scout_resolution"": 112, ""scout_temporal_stride"": 1, ""scout_width"": 128, ""selector"": ""hybrid"", ""source_resolution"": 160, ""spatial_group"": 2, ""temporal_atom_tubelets"": 1, ""tia_scope"": ""source_native"", ""warmup_epochs"": 6}"
tr-c30af7359d18,tr-c2fa75e028b4,train,tr-c30af7359d18,B_fineaction,B,fineaction,0,b70ae056c495b43ca3f305fe438926b97b2723b5,BLOCKED,BLOCKED_IMPLEMENTATION,fineaction dataset protocol adapter is not implemented,,,0,NOT_RUN,"{""checkpoint_indexing"": ""zero_based"", ""diagnostic_completed_epochs"": [5, 20, 40, 60], ""saved_completed_epochs"": [5, 10, 15, 20, 25, 30, 35, 40, 45, 50, 55, 60], ""version"": ""audit-repair-20260908""}",2026-09-08T09:33:48.114005+00:00,,"{""actionness_aux"": false, ""allow_global_zero"": true, ""axis"": ""ST"", ""backbone"": ""videomae_b"", ""budget"": 0.5, ""budget_mode"": ""fixed"", ""coarse_variant"": ""mean_shared"", ""cost_target"": ""traced_macs"", ""detail_probe_fraction"": 0.0, ""estimator"": ""pg_acquisition"", ""evidence_slots"": 4, ""exploration"": ""default"", ""fusion_variant"": ""residual"", ""geometry"": ""native_support"", ""head"": ""actionformer"", ""heavy_context"": ""parent16"", ""probe_every"": 32, ""query_length"": 768, ""quota"": ""global_zero_allowed"", ""receiver"": ""support_attention"", ""receiver_layers"": 2, ""roi_mode"": ""none"", ""rounds"": 1, ""route"": ""B"", ""route_refresh"": ""once"", ""scout_resolution"": 112, ""scout_temporal_stride"": 1, ""scout_width"": 128, ""selector"": ""hybrid"", ""source_resolution"": 160, ""spatial_group"": 2, ""temporal_atom_tubelets"": 1, ""tia_scope"": ""source_native"", ""warmup_epochs"": 6}"
tr-6d8f4bf88491,tr-83477ed01edb,train,tr-6d8f4bf88491,B_large,B,thumos14,0,b70ae056c495b43ca3f305fe438926b97b2723b5,ACCEPTED_NOT_COMPLETION,DEFERRED_PRIORITY,,,,0,NOT_RUN,"{""checkpoint_indexing"": ""zero_based"", ""diagnostic_completed_epochs"": [5, 20, 40, 60], ""saved_completed_epochs"": [5, 10, 15, 20, 25, 30, 35, 40, 45, 50, 55, 60], ""version"": ""audit-repair-20260908""}",2026-09-08T09:33:48.114005+00:00,,"{""actionness_aux"": false, ""allow_global_zero"": true, ""axis"": ""ST"", ""backbone"": ""videomae_l"", ""budget"": 0.5, ""budget_mode"": ""fixed"", ""coarse_variant"": ""mean_shared"", ""cost_target"": ""traced_macs"", ""detail_probe_fraction"": 0.0, ""estimator"": ""pg_acquisition"", ""evidence_slots"": 4, ""exploration"": ""default"", ""fusion_variant"": ""residual"", ""geometry"": ""native_support"", ""head"": ""actionformer"", ""heavy_context"": ""parent16"", ""probe_every"": 32, ""query_length"": 768, ""quota"": ""global_zero_allowed"", ""receiver"": ""support_attention"", ""receiver_layers"": 2, ""roi_mode"": ""none"", ""rounds"": 1, ""route"": ""B"", ""route_refresh"": ""once"", ""scout_resolution"": 112, ""scout_temporal_stride"": 1, ""scout_width"": 128, ""selector"": ""hybrid"", ""source_resolution"": 160, ""spatial_group"": 2, ""temporal_atom_tubelets"": 1, ""tia_scope"": ""source_native"", ""warmup_epochs"": 6}"
tr-605ab0cd7d90,tr-2f010bd28de1,train,tr-605ab0cd7d90,C_fineaction,C,fineaction,0,b70ae056c495b43ca3f305fe438926b97b2723b5,BLOCKED,BLOCKED_IMPLEMENTATION,fineaction dataset protocol adapter is not implemented,,,0,NOT_RUN,"{""checkpoint_indexing"": ""zero_based"", ""diagnostic_completed_epochs"": [5, 20, 40, 60], ""saved_completed_epochs"": [5, 10, 15, 20, 25, 30, 35, 40, 45, 50, 55, 60], ""version"": ""audit-repair-20260908""}",2026-09-08T09:33:48.114005+00:00,,"{""actionness_aux"": false, ""allow_global_zero"": true, ""axis"": ""ST"", ""backbone"": ""videomae_b"", ""budget"": 0.5, ""budget_mode"": ""fixed"", ""coarse_variant"": ""mean_shared"", ""cost_target"": ""traced_macs"", ""detail_probe_fraction"": 0.0, ""estimator"": ""pg_acquisition"", ""evidence_slots"": 4, ""exploration"": ""default"", ""fusion_variant"": ""residual"", ""geometry"": ""native_support"", ""head"": ""actionformer"", ""heavy_context"": ""parent16"", ""probe_every"": 32, ""query_length"": 768, ""quota"": ""global_zero_allowed"", ""receiver"": ""support_attention"", ""receiver_layers"": 2, ""roi_mode"": ""none"", ""rounds"": 1, ""route"": ""C"", ""route_refresh"": ""once"", ""scout_resolution"": 112, ""scout_temporal_stride"": 1, ""scout_width"": 128, ""selector"": ""hybrid"", ""source_resolution"": 160, ""spatial_group"": 2, ""temporal_atom_tubelets"": 1, ""tia_scope"": ""source_native"", ""warmup_epochs"": 6}"
tr-31540dde5f96,tr-2412677e174e,train,tr-31540dde5f96,C_large,C,thumos14,0,b70ae056c495b43ca3f305fe438926b97b2723b5,ACCEPTED_NOT_COMPLETION,DEFERRED_PRIORITY,,,,0,NOT_RUN,"{""checkpoint_indexing"": ""zero_based"", ""diagnostic_completed_epochs"": [5, 20, 40, 60], ""saved_completed_epochs"": [5, 10, 15, 20, 25, 30, 35, 40, 45, 50, 55, 60], ""version"": ""audit-repair-20260908""}",2026-09-08T09:33:48.114005+00:00,,"{""actionness_aux"": false, ""allow_global_zero"": true, ""axis"": ""ST"", ""backbone"": ""videomae_l"", ""budget"": 0.5, ""budget_mode"": ""fixed"", ""coarse_variant"": ""mean_shared"", ""cost_target"": ""traced_macs"", ""detail_probe_fraction"": 0.0, ""estimator"": ""pg_acquisition"", ""evidence_slots"": 4, ""exploration"": ""default"", ""fusion_variant"": ""residual"", ""geometry"": ""native_support"", ""head"": ""actionformer"", ""heavy_context"": ""parent16"", ""probe_every"": 32, ""query_length"": 768, ""quota"": ""global_zero_allowed"", ""receiver"": ""support_attention"", ""receiver_layers"": 2, ""roi_mode"": ""none"", ""rounds"": 1, ""route"": ""C"", ""route_refresh"": ""once"", ""scout_resolution"": 112, ""scout_temporal_stride"": 1, ""scout_width"": 128, ""selector"": ""hybrid"", ""source_resolution"": 160, ""spatial_group"": 2, ""temporal_atom_tubelets"": 1, ""tia_scope"": ""source_native"", ""warmup_epochs"": 6}"
tr-dec42db05659,tr-31295879d61c,train,tr-dec42db05659,DENSE_tridet,DENSE,thumos14,0,b70ae056c495b43ca3f305fe438926b97b2723b5,BLOCKED,BLOCKED_IMPLEMENTATION,head='tridet': implementation pending,,,0,NOT_RUN,"{""checkpoint_indexing"": ""zero_based"", ""diagnostic_completed_epochs"": [5, 20, 40, 60], ""saved_completed_epochs"": [5, 10, 15, 20, 25, 30, 35, 40, 45, 50, 55, 60], ""version"": ""audit-repair-20260908""}",2026-09-08T09:33:48.114005+00:00,,"{""actionness_aux"": false, ""allow_global_zero"": true, ""axis"": ""ST"", ""backbone"": ""videomae_b"", ""budget"": 1.0, ""budget_mode"": ""fixed"", ""coarse_variant"": ""mean_shared"", ""cost_target"": ""traced_macs"", ""detail_probe_fraction"": 0.0, ""estimator"": ""none"", ""evidence_slots"": 4, ""exploration"": ""default"", ""fusion_variant"": ""residual"", ""geometry"": ""native_support"", ""head"": ""tridet"", ""heavy_context"": ""parent16"", ""probe_every"": 0, ""query_length"": 768, ""quota"": ""global_zero_allowed"", ""receiver"": ""support_attention"", ""receiver_layers"": 2, ""roi_mode"": ""none"", ""rounds"": 1, ""route"": ""DENSE"", ""route_refresh"": ""once"", ""scout_resolution"": 112, ""scout_temporal_stride"": 1, ""scout_width"": 128, ""selector"": ""none"", ""source_resolution"": 160, ""spatial_group"": 2, ""temporal_atom_tubelets"": 1, ""tia_scope"": ""source_native"", ""warmup_epochs"": 6}"
tr-76ac1b00fe32,tr-31911470071c,train,tr-76ac1b00fe32,A_tridet,A,thumos14,0,b70ae056c495b43ca3f305fe438926b97b2723b5,BLOCKED,BLOCKED_IMPLEMENTATION,head='tridet': implementation pending,,,0,NOT_RUN,"{""checkpoint_indexing"": ""zero_based"", ""diagnostic_completed_epochs"": [5, 20, 40, 60], ""saved_completed_epochs"": [5, 10, 15, 20, 25, 30, 35, 40, 45, 50, 55, 60], ""version"": ""audit-repair-20260908""}",2026-09-08T09:33:48.114005+00:00,,"{""actionness_aux"": false, ""allow_global_zero"": true, ""axis"": ""ST"", ""backbone"": ""videomae_b"", ""budget"": 0.5, ""budget_mode"": ""fixed"", ""coarse_variant"": ""mean_shared"", ""cost_target"": ""traced_macs"", ""detail_probe_fraction"": 0.0, ""estimator"": ""pg_acquisition"", ""evidence_slots"": 4, ""exploration"": ""default"", ""fusion_variant"": ""residual"", ""geometry"": ""native_support"", ""head"": ""tridet"", ""heavy_context"": ""parent16"", ""probe_every"": 32, ""query_length"": 768, ""quota"": ""global_zero_allowed"", ""receiver"": ""support_attention"", ""receiver_layers"": 2, ""roi_mode"": ""none"", ""rounds"": 1, ""route"": ""A"", ""route_refresh"": ""once"", ""scout_resolution"": 112, ""scout_temporal_stride"": 1, ""scout_width"": 128, ""selector"": ""hybrid"", ""source_resolution"": 160, ""spatial_group"": 2, ""temporal_atom_tubelets"": 1, ""tia_scope"": ""source_native"", ""warmup_epochs"": 6}"
tr-962e57f3d606,tr-111ec00f8cef,train,tr-962e57f3d606,B_tridet,B,thumos14,0,b70ae056c495b43ca3f305fe438926b97b2723b5,BLOCKED,BLOCKED_IMPLEMENTATION,head='tridet': implementation pending,,,0,NOT_RUN,"{""checkpoint_indexing"": ""zero_based"", ""diagnostic_completed_epochs"": [5, 20, 40, 60], ""saved_completed_epochs"": [5, 10, 15, 20, 25, 30, 35, 40, 45, 50, 55, 60], ""version"": ""audit-repair-20260908""}",2026-09-08T09:33:48.114005+00:00,,"{""actionness_aux"": false, ""allow_global_zero"": true, ""axis"": ""ST"", ""backbone"": ""videomae_b"", ""budget"": 0.5, ""budget_mode"": ""fixed"", ""coarse_variant"": ""mean_shared"", ""cost_target"": ""traced_macs"", ""detail_probe_fraction"": 0.0, ""estimator"": ""pg_acquisition"", ""evidence_slots"": 4, ""exploration"": ""default"", ""fusion_variant"": ""residual"", ""geometry"": ""native_support"", ""head"": ""tridet"", ""heavy_context"": ""parent16"", ""probe_every"": 32, ""query_length"": 768, ""quota"": ""global_zero_allowed"", ""receiver"": ""support_attention"", ""receiver_layers"": 2, ""roi_mode"": ""none"", ""rounds"": 1, ""route"": ""B"", ""route_refresh"": ""once"", ""scout_resolution"": 112, ""scout_temporal_stride"": 1, ""scout_width"": 128, ""selector"": ""hybrid"", ""source_resolution"": 160, ""spatial_group"": 2, ""temporal_atom_tubelets"": 1, ""tia_scope"": ""source_native"", ""warmup_epochs"": 6}"
tr-02efc994f7b2,tr-4d88ef3c2573,train,tr-02efc994f7b2,A_query384,A,thumos14,0,b70ae056c495b43ca3f305fe438926b97b2723b5,ACCEPTED_NOT_COMPLETION,DEFERRED_PRIORITY,,,,0,NOT_RUN,"{""checkpoint_indexing"": ""zero_based"", ""diagnostic_completed_epochs"": [5, 20, 40, 60], ""saved_completed_epochs"": [5, 10, 15, 20, 25, 30, 35, 40, 45, 50, 55, 60], ""version"": ""audit-repair-20260908""}",2026-09-08T09:33:48.114005+00:00,,"{""actionness_aux"": false, ""allow_global_zero"": true, ""axis"": ""ST"", ""backbone"": ""videomae_b"", ""budget"": 0.5, ""budget_mode"": ""fixed"", ""coarse_variant"": ""mean_shared"", ""cost_target"": ""traced_macs"", ""detail_probe_fraction"": 0.0, ""estimator"": ""pg_acquisition"", ""evidence_slots"": 4, ""exploration"": ""default"", ""fusion_variant"": ""residual"", ""geometry"": ""native_support"", ""head"": ""actionformer"", ""heavy_context"": ""parent16"", ""probe_every"": 32, ""query_length"": 384, ""quota"": ""global_zero_allowed"", ""receiver"": ""support_attention"", ""receiver_layers"": 2, ""roi_mode"": ""none"", ""rounds"": 1, ""route"": ""A"", ""route_refresh"": ""once"", ""scout_resolution"": 112, ""scout_temporal_stride"": 1, ""scout_width"": 128, ""selector"": ""hybrid"", ""source_resolution"": 160, ""spatial_group"": 2, ""temporal_atom_tubelets"": 1, ""tia_scope"": ""source_native"", ""warmup_epochs"": 6}"
tr-46d7aa71c16d,tr-33da9eb9ec7f,train,tr-46d7aa71c16d,B_query384,B,thumos14,0,b70ae056c495b43ca3f305fe438926b97b2723b5,ACCEPTED_NOT_COMPLETION,DEFERRED_PRIORITY,,,,0,NOT_RUN,"{""checkpoint_indexing"": ""zero_based"", ""diagnostic_completed_epochs"": [5, 20, 40, 60], ""saved_completed_epochs"": [5, 10, 15, 20, 25, 30, 35, 40, 45, 50, 55, 60], ""version"": ""audit-repair-20260908""}",2026-09-08T09:33:48.114005+00:00,,"{""actionness_aux"": false, ""allow_global_zero"": true, ""axis"": ""ST"", ""backbone"": ""videomae_b"", ""budget"": 0.5, ""budget_mode"": ""fixed"", ""coarse_variant"": ""mean_shared"", ""cost_target"": ""traced_macs"", ""detail_probe_fraction"": 0.0, ""estimator"": ""pg_acquisition"", ""evidence_slots"": 4, ""exploration"": ""default"", ""fusion_variant"": ""residual"", ""geometry"": ""native_support"", ""head"": ""actionformer"", ""heavy_context"": ""parent16"", ""probe_every"": 32, ""query_length"": 384, ""quota"": ""global_zero_allowed"", ""receiver"": ""support_attention"", ""receiver_layers"": 2, ""roi_mode"": ""none"", ""rounds"": 1, ""route"": ""B"", ""route_refresh"": ""once"", ""scout_resolution"": 112, ""scout_temporal_stride"": 1, ""scout_width"": 128, ""selector"": ""hybrid"", ""source_resolution"": 160, ""spatial_group"": 2, ""temporal_atom_tubelets"": 1, ""tia_scope"": ""source_native"", ""warmup_epochs"": 6}"
